Workbook

Sheet Optimal Setup
I1: Enter Max: | L1: Enter average load: | P1: Variation factor + - | Q1: Battery peak shaving (+ - ) | R1: Spinning reserve | Y1: Load (%) | Z1: SFOC (g/kwh)
A2: Max battery peak shaving and reserve capacity | I2: 1260 | L2: DP Redundancy | O2: 0 | P2: 0 | Q2: ='Load Demands'!J5 -> 0 | R2: ='Load Demands'!L5 -> 0 | Z2: G1 | AA2: G6 | AB2: G2 | AC2: G3 | AD2: G4 | AE2: G5
A3: Mission HVY consumer load expected at its max load: | I3: 3000 | L3: DP (Thruster) load demand: | O3: 0 | P3: 0 | Q3: ='Load Demands'!J6 -> 0 | R3: ='Load Demands'!L6 -> 0 | Y3: 0.001 | Z3: 174.476 | AA3: 174.476 | AB3: 228.4744 | AC3: 228.70287 | AD3: 218.83278 | AE3: 251.32184
A4: Losses for PTI propulsion | I4: 0.05 | L4: Mission load demand: | O4: 0 | Q4: ='Load Demands'!J7 -> 0 | R4: ='Load Demands'!L7 -> 0 | Y4: 0.1 | Z4: 174.476 | AA4: 174.476 | AB4: 228.4744 | AC4: 228.70287 | AD4: 218.83278 | AE4: 251.32184
L5: Propeller load demand: | O5: 11463 | P5: 0.05 | Q5: =-1*'Load Demands'!J8 -> -200.6025 | R5: ='Load Demands'!L8 -> 372.5475 | S5: * PTI available? | Y5: 0.2 | Z5: 174.476 | AA5: 174.476 | AB5: 228 | AC5: 228.228 | AD5: 218.3784 | AE5: 250.8
B6: Enter Max load: | L6: Hotel load demand: | O6: 3800 | P6: 0.02 | Q6: =-1*'Load Demands'!J9 -> -3.8 | R6: ='Load Demands'!L9 -> 72.2 | Y6: 0.3 | Z6: 172.568 | AA6: 172.568 | AB6: 220 | AC6: 220.22 | AD6: 210.716 | AE6: 242
O7: =SUM(O3:O6) -> 15263 | Q7: =SUM(Q2:Q6) -> -204.4025 | R7: =SUM(R2:R6) -> 444.7475 | Y7: 0.4 | Z7: 170 | AA7: 170 | AB7: 198 | AC7: 198.198 | AD7: 189.6444 | AE7: 217.8
B8: Prop 1 | C8: Prop 2 | D8: Aux | E8: Aux | F8: Aux | G8: Aux | H8: Max | I8: Max | L8: Total demand: | R8: =O7+R7 -> 15707.747 | Y8: 0.5 | Z8: 166.42 | AA8: 166.42 | AB8: 198.0671 | AC8: 198.26517 | AD8: 189.70867 | AE8: 217.87381
B9: G1 | C9: G6 | D9: G2 | E9: G3 | F9: G4 | G9: G5 | H9: Propulsion | I9: Aux | Y9: 0.6 | Z9: 166 | AA9: 166 | AB9: 195 | AC9: 195.195 | AD9: 186.771 | AE9: 214.5
A10: Max Gen | B10: 24000 | C10: 24000 | D10: 4000 | E10: 4000 | F10: 4000 | G10: 4000 | H10: =SUM(B10:C10) -> 48000 | I10: =SUM(D10:G10) -> 16000 | Y10: 0.7 | Z10: 167.268 | AA10: 167.268 | AB10: 193.13488 | AC10: 193.32801 | AD10: 184.98459 | AE10: 212.44837
A11: Max PTI | B11: 3250 | C11: 3250 | H11: =SUM(B11:C11) -> 6500 | Y11: 0.8 | Z11: 168 | AA11: 168 | AB11: 193.3624 | AC11: 193.55576 | AD11: 185.20251 | AE11: 212.69864
A12: MAX ME + PTI | B12: =SUM(B10:B11) -> 27250 | C12: =SUM(C10:C11) -> 27250 | D12: =0 -> 0 | E12: =0 -> 0 | F12: =0 -> 0 | G12: =0 -> 0 | H12: =SUM(H10:H11) -> 54500 | N12: ME loss for power to hotel load (SG PTO - switchboard) is ~ the same as for Aux gensets | Y12: 0.9 | Z12: 168.222 | AA12: 168.222 | AB12: 194 | AC12: 194.194 | AD12: 185.8132 | AE12: 213.4
A13: Max PTO | B13: 3250 | C13: 3250 | H13: =SUM(B13:C13) -> 6500 | N13: G2 - G5 loss for propulsion power is ~6-15% higher than directly from Engine (mechanical shaft) | Y13: 1 | Z13: 174.476 | AA13: 174.476 | AB13: 194.629 | AC13: 194.82363 | AD13: 186.41566 | AE13: 214.0919
A14: MAX Aux + PTO | B14: =B13 -> 3250 | C14: =C13 -> 3250 | D14: =D10 -> 4000 | E14: =E10 -> 4000 | F14: =F10 -> 4000 | G14: =G10 -> 4000 | H14: =SUM(H12:H13) -> 61000
J16: Total PWR | K16: ME | M16: Propulsion ME DEMAND -> | P16: AUX | T16: SG 1 | V16: SG 2 | X16: PTI - PS | Y16: PTO- PS | Z16: SFOC (g/kwh) : | AF16: TOTAL SFOC | AG16: RECOMENDED ENGINES/GENERATORS:
B17: G1 | C17: G6 | D17: G2 | E17: G3 | F17: G4 | G17: G5 | I17: Total: % Demand of Max | J17: Setup MAX | K17: ME MAX | L17: Total DEMAND from ME | M17: Needed PTI PROP / PTO for Hotel | N17: for PTI 1 | O17: Remaining PTI (after PTI 2) | P17: AUX MAX | Q17: Additional power/Load for PTI propulsion on AUX gens due to losses | R17: Total DEMAND from AUX | S17: Aux: % Demand of Max | T17: PTI 1 | U17: PTO 1 | V17: PTI 2 | W17: PTO 2 | X17: Available PTI for Peak shaving from battery | Y17: Available PTO for Peak shaving to battery | Z17: G1 | AA17: G6 | AB17: G2 | AC17: G3 | AD17: G4 | AE17: G5 | AF17: =MIN(AF18:AF75) -> 344 | AG17: ME | AH17: =IF(AND($AF16=$AF$17,C17=1),C$9,"") | AI17: Aux | AJ17: =IF(AND($AF16=$AF$17,E17=1),E$9,"")
A18: Setup variants: | D18: 1 | H18: =IF($R$8>$J18,"Insufficient pwr",IF(OR(($M18-$T18-$V18)>0,$X18<$Q$5),"Insufficient PTI",IF(OR(($M18+$U18+$W18)<0,$Y18<$Q$5),"Insufficient PTO",IF(($P18-$R18)<0,"Insufficient AUX","")))) -> Insufficient pwr | I18: =$R$8/$J18 -> 3.9269369 | J18: =B18*B$10+D18*D$10+E18*E$10+F18*F$10+G18*G$10+C18*C$10 -> 4000 | K18: =IF($B18,$B$10)+IF($C18,$C$10) -> 0 | L18: =(IF($B18,$B$10)+IF($C18,$C$10))*$I18 -> 0 | M18: =$O$5-$L18 -> 11463 | N18: =IF(AND($B18="",$M18>0),MIN($M18,$B$11),0) -> 3250 | O18: =IF($M18<0,0,$M18-$N18-$V18) -> 4963 | P18: =IF($D18,$D$10)+IF($E18,$E$10)+IF($F18,$F$10)+IF($G18,$G$10) -> 4000 | Q18: =IF($M18<0,0,$M18*$I$4) -> 573.15 | R18: =(IF($D18,$D$10)+IF($E18,$E$10)+IF($F18,$F$10)+IF($G18,$G$10))*$I18+$Q18 -> 16280.897 | S18: =IF($P18=0,0,$R18/$P18) -> 4.0702244 | T18: =IF($M18<0,0,MIN(($N18+$O18),$B$11)) -> 3250 | U18: =IF(AND($B18=1,$M18<0),MIN(ABS($M18),$B$13),0) -> 0 | V18: =IF($M18<0,0,MIN(($M18-$N18),$C$11)) -> 3250 | W18: =IF(AND($C18=1,$M18<0),MIN((ABS($M18)-$U18),$C$13),0) -> 0 | X18: =IF(IF(U18>0,0,$B$11-T18)+IF(W18>0,0,$C$11-V18)>$Q$5,$Q$5,IF(U18>0,0,$B$11-T18)+IF(W18>0,0,$C$11-V18)) -> -200.6025 | Y18: =IF(IF(T18>0,0,$B$11-U18)+IF(V18>0,0,$C$11-W18)>$Q$5,$Q$5,IF(T18>0,0,$B$11-U18)+IF(V18>0,0,$C$11-W18)) -> -200.6025 | Z18: =IF(OR(B18="",NOT($H18="")),"",ROUND(_xlfn.FORECAST.LINEAR($I18,INDEX(Z$3:Z$13,MATCH($I18,$Y$3:$Y$13,1)):INDEX(Z$3:Z$13,MATCH($I18,$Y$3:$Y$13,1)+1),INDEX($Y$3:$Y$13,MATCH($I18,$Y$3:$Y$13,1)):INDEX($Y$3:$Y$13,MATCH($I18,$Y$3:$Y$13,1)+1)),0)) | AA18: =IF(OR(C18="",NOT($H18="")),"",ROUND(_xlfn.FORECAST.LINEAR($I18,INDEX(AA$3:AA$13,MATCH($I18,$Y$3:$Y$13,1)):INDEX(AA$3:AA$13,MATCH($I18,$Y$3:$Y$13,1)+1),INDEX($Y$3:$Y$13,MATCH($I18,$Y$3:$Y$13,1)):INDEX($Y$3:$Y$13,MATCH($I18,$Y$3:$Y$13,1)+1)),0)) | AB18: =IF(OR(D18="",NOT($H18="")),"",ROUND(_xlfn.FORECAST.LINEAR($S18,INDEX(AB$3:AB$13,MATCH($S18,$Y$3:$Y$13,1)):INDEX(AB$3:AB$13,MATCH($S18,$Y$3:$Y$13,1)+1),INDEX($Y$3:$Y$13,MATCH($S18,$Y$3:$Y$13,1)):INDEX($Y$3:$Y$13,MATCH($S18,$Y$3:$Y$13,1)+1)),0)) | AC18: =IF(OR(E18="",NOT($H18="")),"",ROUND(_xlfn.FORECAST.LINEAR($S18,INDEX(AC$3:AC$13,MATCH($S18,$Y$3:$Y$13,1)):INDEX(AC$3:AC$13,MATCH($S18,$Y$3:$Y$13,1)+1),INDEX($Y$3:$Y$13,MATCH($S18,$Y$3:$Y$13,1)):INDEX($Y$3:$Y$13,MATCH($S18,$Y$3:$Y$13,1)+1)),0)) | AD18: =IF(OR(F18="",NOT($H18="")),"",ROUND(_xlfn.FORECAST.LINEAR($S18,INDEX(AD$3:AD$13,MATCH($S18,$Y$3:$Y$13,1)):INDEX(AD$3:AD$13,MATCH($S18,$Y$3:$Y$13,1)+1),INDEX($Y$3:$Y$13,MATCH($S18,$Y$3:$Y$13,1)):INDEX($Y$3:$Y$13,MATCH($S18,$Y$3:$Y$13,1)+1)),0)) | AE18: =IF(OR(G18="",NOT($H18="")),"",ROUND(_xlfn.FORECAST.LINEAR($S18,INDEX(AE$3:AE$13,MATCH($S18,$Y$3:$Y$13,1)):INDEX(AE$3:AE$13,MATCH($S18,$Y$3:$Y$13,1)+1),INDEX($Y$3:$Y$13,MATCH($S18,$Y$3:$Y$13,1)):INDEX($Y$3:$Y$13,MATCH($S18,$Y$3:$Y$13,1)+1)),0)) | AF18: =IF($H18="",SUM(Z18:AE18),"") | AG18: =IF(AND($AF18=$AF$17,B18=1),B$9,"") | AH18: =IF(AND($AF18=$AF$17,C18=1),C$9,"") | AI18: =IF(AND($AF18=$AF$17,D18=1),D$9,"") | AJ18: =IF(AND($AF18=$AF$17,E18=1),E$9,"") | AK18: =IF(AND($AF18=$AF$17,F18=1),F$9,"") | AL18: =IF(AND($AF18=$AF$17,G18=1),G$9,"")
E19: 1 | H19: =IF($R$8>$J19,"Insufficient pwr",IF(OR(($M19-$T19-$V19)>0,$X19<$Q$5),"Insufficient PTI",IF(OR(($M19+$U19+$W19)<0,$Y19<$Q$5),"Insufficient PTO",IF(($P19-$R19)<0,"Insufficient AUX","")))) -> Insufficient pwr | I19: =$R$8/$J19 -> 3.9269369 | J19: =B19*B$10+D19*D$10+E19*E$10+F19*F$10+G19*G$10+C19*C$10 -> 4000 | K19: =IF($B19,$B$10)+IF($C19,$C$10) -> 0 | L19: =(IF($B19,$B$10)+IF($C19,$C$10))*$I19 -> 0 | M19: =$O$5-$L19 -> 11463 | N19: =IF(AND($B19="",$M19>0),MIN($M19,$B$11),0) -> 3250 | O19: =IF($M19<0,0,$M19+$Q19-$N19-$V19) -> 5536.15 | P19: =IF($D19,$D$10)+IF($E19,$E$10)+IF($F19,$F$10)+IF($G19,$G$10) -> 4000 | Q19: =IF($M19<0,0,$M19*$I$4) -> 573.15 | R19: =(IF($D19,$D$10)+IF($E19,$E$10)+IF($F19,$F$10)+IF($G19,$G$10))*$I19+$Q19 -> 16280.897 | S19: =IF($P19=0,0,$R19/$P19) -> 4.0702244 | T19: =IF($M19<0,0,MIN(($N19+$O19),$B$11)) -> 3250 | U19: =IF(AND($B19=1,$M19<0),MIN(ABS($M19),$B$13),0) -> 0 | V19: =IF($M19<0,0,MIN(($M19-$N19),$C$11)) -> 3250 | W19: =IF(AND($C19=1,$M19<0),MIN((ABS($M19)-$U19),$C$13),0) -> 0 | X19: =IF(IF(U19>0,0,$B$11-T19)+IF(W19>0,0,$C$11-V19)>$Q$5,$Q$5,IF(U19>0,0,$B$11-T19)+IF(W19>0,0,$C$11-V19)) -> -200.6025 | Y19: =IF(IF(T19>0,0,$B$11-U19)+IF(V19>0,0,$C$11-W19)>$Q$5,$Q$5,IF(T19>0,0,$B$11-U19)+IF(V19>0,0,$C$11-W19)) -> -200.6025 | Z19: =IF(OR(B19="",NOT($H19="")),"",ROUND(_xlfn.FORECAST.LINEAR($I19,INDEX(Z$3:Z$13,MATCH($I19,$Y$3:$Y$13,1)):INDEX(Z$3:Z$13,MATCH($I19,$Y$3:$Y$13,1)+1),INDEX($Y$3:$Y$13,MATCH($I19,$Y$3:$Y$13,1)):INDEX($Y$3:$Y$13,MATCH($I19,$Y$3:$Y$13,1)+1)),0)) | AA19: =IF(OR(C19="",NOT($H19="")),"",ROUND(_xlfn.FORECAST.LINEAR($I19,INDEX(AA$3:AA$13,MATCH($I19,$Y$3:$Y$13,1)):INDEX(AA$3:AA$13,MATCH($I19,$Y$3:$Y$13,1)+1),INDEX($Y$3:$Y$13,MATCH($I19,$Y$3:$Y$13,1)):INDEX($Y$3:$Y$13,MATCH($I19,$Y$3:$Y$13,1)+1)),0)) | AB19: =IF(OR(D19="",NOT($H19="")),"",ROUND(_xlfn.FORECAST.LINEAR($S19,INDEX(AB$3:AB$13,MATCH($S19,$Y$3:$Y$13,1)):INDEX(AB$3:AB$13,MATCH($S19,$Y$3:$Y$13,1)+1),INDEX($Y$3:$Y$13,MATCH($S19,$Y$3:$Y$13,1)):INDEX($Y$3:$Y$13,MATCH($S19,$Y$3:$Y$13,1)+1)),0)) | AC19: =IF(OR(E19="",NOT($H19="")),"",ROUND(_xlfn.FORECAST.LINEAR($S19,INDEX(AC$3:AC$13,MATCH($S19,$Y$3:$Y$13,1)):INDEX(AC$3:AC$13,MATCH($S19,$Y$3:$Y$13,1)+1),INDEX($Y$3:$Y$13,MATCH($S19,$Y$3:$Y$13,1)):INDEX($Y$3:$Y$13,MATCH($S19,$Y$3:$Y$13,1)+1)),0)) | AD19: =IF(OR(F19="",NOT($H19="")),"",ROUND(_xlfn.FORECAST.LINEAR($S19,INDEX(AD$3:AD$13,MATCH($S19,$Y$3:$Y$13,1)):INDEX(AD$3:AD$13,MATCH($S19,$Y$3:$Y$13,1)+1),INDEX($Y$3:$Y$13,MATCH($S19,$Y$3:$Y$13,1)):INDEX($Y$3:$Y$13,MATCH($S19,$Y$3:$Y$13,1)+1)),0)) | AE19: =IF(OR(G19="",NOT($H19="")),"",ROUND(_xlfn.FORECAST.LINEAR($S19,INDEX(AE$3:AE$13,MATCH($S19,$Y$3:$Y$13,1)):INDEX(AE$3:AE$13,MATCH($S19,$Y$3:$Y$13,1)+1),INDEX($Y$3:$Y$13,MATCH($S19,$Y$3:$Y$13,1)):INDEX($Y$3:$Y$13,MATCH($S19,$Y$3:$Y$13,1)+1)),0)) | AF19: =IF($H19="",SUM(Z19:AE19),"") | AG19: =IF(AND($AF19=$AF$17,B19=1),B$9,"") | AH19: =IF(AND($AF19=$AF$17,C19=1),C$9,"") | AI19: =IF(AND($AF19=$AF$17,D19=1),D$9,"") | AJ19: =IF(AND($AF19=$AF$17,E19=1),E$9,"") | AK19: =IF(AND($AF19=$AF$17,F19=1),F$9,"") | AL19: =IF(AND($AF19=$AF$17,G19=1),G$9,"")
F20: 1 | H20: =IF($R$8>$J20,"Insufficient pwr",IF(OR(($M20-$T20-$V20)>0,$X20<$Q$5),"Insufficient PTI",IF(OR(($M20+$U20+$W20)<0,$Y20<$Q$5),"Insufficient PTO",IF(($P20-$R20)<0,"Insufficient AUX","")))) -> Insufficient pwr | I20: =$R$8/$J20 -> 3.9269369 | J20: =B20*B$10+D20*D$10+E20*E$10+F20*F$10+G20*G$10+C20*C$10 -> 4000 | K20: =IF($B20,$B$10)+IF($C20,$C$10) -> 0 | L20: =(IF($B20,$B$10)+IF($C20,$C$10))*$I20 -> 0 | M20: =$O$5-$L20 -> 11463 | N20: =IF(AND($B20="",$M20>0),MIN($M20,$B$11),0) -> 3250 | O20: =IF($M20<0,0,$M20+$Q20-$N20-$V20) -> 5536.15 | P20: =IF($D20,$D$10)+IF($E20,$E$10)+IF($F20,$F$10)+IF($G20,$G$10) -> 4000 | Q20: =IF($M20<0,0,$M20*$I$4) -> 573.15 | R20: =(IF($D20,$D$10)+IF($E20,$E$10)+IF($F20,$F$10)+IF($G20,$G$10))*$I20+$Q20 -> 16280.897 | S20: =IF($P20=0,0,$R20/$P20) -> 4.0702244 | T20: =IF($M20<0,0,MIN(($N20+$O20),$B$11)) -> 3250 | U20: =IF(AND($B20=1,$M20<0),MIN(ABS($M20),$B$13),0) -> 0 | V20: =IF($M20<0,0,MIN(($M20-$N20),$C$11)) -> 3250 | W20: =IF(AND($C20=1,$M20<0),MIN((ABS($M20)-$U20),$C$13),0) -> 0 | X20: =IF(IF(U20>0,0,$B$11-T20)+IF(W20>0,0,$C$11-V20)>$Q$5,$Q$5,IF(U20>0,0,$B$11-T20)+IF(W20>0,0,$C$11-V20)) -> -200.6025 | Y20: =IF(IF(T20>0,0,$B$11-U20)+IF(V20>0,0,$C$11-W20)>$Q$5,$Q$5,IF(T20>0,0,$B$11-U20)+IF(V20>0,0,$C$11-W20)) -> -200.6025 | Z20: =IF(OR(B20="",NOT($H20="")),"",ROUND(_xlfn.FORECAST.LINEAR($I20,INDEX(Z$3:Z$13,MATCH($I20,$Y$3:$Y$13,1)):INDEX(Z$3:Z$13,MATCH($I20,$Y$3:$Y$13,1)+1),INDEX($Y$3:$Y$13,MATCH($I20,$Y$3:$Y$13,1)):INDEX($Y$3:$Y$13,MATCH($I20,$Y$3:$Y$13,1)+1)),0)) | AA20: =IF(OR(C20="",NOT($H20="")),"",ROUND(_xlfn.FORECAST.LINEAR($I20,INDEX(AA$3:AA$13,MATCH($I20,$Y$3:$Y$13,1)):INDEX(AA$3:AA$13,MATCH($I20,$Y$3:$Y$13,1)+1),INDEX($Y$3:$Y$13,MATCH($I20,$Y$3:$Y$13,1)):INDEX($Y$3:$Y$13,MATCH($I20,$Y$3:$Y$13,1)+1)),0)) | AB20: =IF(OR(D20="",NOT($H20="")),"",ROUND(_xlfn.FORECAST.LINEAR($S20,INDEX(AB$3:AB$13,MATCH($S20,$Y$3:$Y$13,1)):INDEX(AB$3:AB$13,MATCH($S20,$Y$3:$Y$13,1)+1),INDEX($Y$3:$Y$13,MATCH($S20,$Y$3:$Y$13,1)):INDEX($Y$3:$Y$13,MATCH($S20,$Y$3:$Y$13,1)+1)),0)) | AC20: =IF(OR(E20="",NOT($H20="")),"",ROUND(_xlfn.FORECAST.LINEAR($S20,INDEX(AC$3:AC$13,MATCH($S20,$Y$3:$Y$13,1)):INDEX(AC$3:AC$13,MATCH($S20,$Y$3:$Y$13,1)+1),INDEX($Y$3:$Y$13,MATCH($S20,$Y$3:$Y$13,1)):INDEX($Y$3:$Y$13,MATCH($S20,$Y$3:$Y$13,1)+1)),0)) | AD20: =IF(OR(F20="",NOT($H20="")),"",ROUND(_xlfn.FORECAST.LINEAR($S20,INDEX(AD$3:AD$13,MATCH($S20,$Y$3:$Y$13,1)):INDEX(AD$3:AD$13,MATCH($S20,$Y$3:$Y$13,1)+1),INDEX($Y$3:$Y$13,MATCH($S20,$Y$3:$Y$13,1)):INDEX($Y$3:$Y$13,MATCH($S20,$Y$3:$Y$13,1)+1)),0)) | AE20: =IF(OR(G20="",NOT($H20="")),"",ROUND(_xlfn.FORECAST.LINEAR($S20,INDEX(AE$3:AE$13,MATCH($S20,$Y$3:$Y$13,1)):INDEX(AE$3:AE$13,MATCH($S20,$Y$3:$Y$13,1)+1),INDEX($Y$3:$Y$13,MATCH($S20,$Y$3:$Y$13,1)):INDEX($Y$3:$Y$13,MATCH($S20,$Y$3:$Y$13,1)+1)),0)) | AF20: =IF($H20="",SUM(Z20:AE20),"") | AG20: =IF(AND($AF20=$AF$17,B20=1),B$9,"") | AH20: =IF(AND($AF20=$AF$17,C20=1),C$9,"") | AI20: =IF(AND($AF20=$AF$17,D20=1),D$9,"") | AJ20: =IF(AND($AF20=$AF$17,E20=1),E$9,"") | AK20: =IF(AND($AF20=$AF$17,F20=1),F$9,"") | AL20: =IF(AND($AF20=$AF$17,G20=1),G$9,"")
G21: 1 | H21: =IF($R$8>$J21,"Insufficient pwr",IF(OR(($M21-$T21-$V21)>0,$X21<$Q$5),"Insufficient PTI",IF(OR(($M21+$U21+$W21)<0,$Y21<$Q$5),"Insufficient PTO",IF(($P21-$R21)<0,"Insufficient AUX","")))) -> Insufficient pwr | I21: =$R$8/$J21 -> 3.9269369 | J21: =B21*B$10+D21*D$10+E21*E$10+F21*F$10+G21*G$10+C21*C$10 -> 4000 | K21: =IF($B21,$B$10)+IF($C21,$C$10) -> 0 | L21: =(IF($B21,$B$10)+IF($C21,$C$10))*$I21 -> 0 | M21: =$O$5-$L21 -> 11463 | N21: =IF(AND($B21="",$M21>0),MIN($M21,$B$11),0) -> 3250 | O21: =IF($M21<0,0,$M21+$Q21-$N21-$V21) -> 5536.15 | P21: =IF($D21,$D$10)+IF($E21,$E$10)+IF($F21,$F$10)+IF($G21,$G$10) -> 4000 | Q21: =IF($M21<0,0,$M21*$I$4) -> 573.15 | R21: =(IF($D21,$D$10)+IF($E21,$E$10)+IF($F21,$F$10)+IF($G21,$G$10))*$I21+$Q21 -> 16280.897 | S21: =IF($P21=0,0,$R21/$P21) -> 4.0702244 | T21: =IF($M21<0,0,MIN(($N21+$O21),$B$11)) -> 3250 | U21: =IF(AND($B21=1,$M21<0),MIN(ABS($M21),$B$13),0) -> 0 | V21: =IF($M21<0,0,MIN(($M21-$N21),$C$11)) -> 3250 | W21: =IF(AND($C21=1,$M21<0),MIN((ABS($M21)-$U21),$C$13),0) -> 0 | X21: =IF(IF(U21>0,0,$B$11-T21)+IF(W21>0,0,$C$11-V21)>$Q$5,$Q$5,IF(U21>0,0,$B$11-T21)+IF(W21>0,0,$C$11-V21)) -> -200.6025 | Y21: =IF(IF(T21>0,0,$B$11-U21)+IF(V21>0,0,$C$11-W21)>$Q$5,$Q$5,IF(T21>0,0,$B$11-U21)+IF(V21>0,0,$C$11-W21)) -> -200.6025 | Z21: =IF(OR(B21="",NOT($H21="")),"",ROUND(_xlfn.FORECAST.LINEAR($I21,INDEX(Z$3:Z$13,MATCH($I21,$Y$3:$Y$13,1)):INDEX(Z$3:Z$13,MATCH($I21,$Y$3:$Y$13,1)+1),INDEX($Y$3:$Y$13,MATCH($I21,$Y$3:$Y$13,1)):INDEX($Y$3:$Y$13,MATCH($I21,$Y$3:$Y$13,1)+1)),0)) | AA21: =IF(OR(C21="",NOT($H21="")),"",ROUND(_xlfn.FORECAST.LINEAR($I21,INDEX(AA$3:AA$13,MATCH($I21,$Y$3:$Y$13,1)):INDEX(AA$3:AA$13,MATCH($I21,$Y$3:$Y$13,1)+1),INDEX($Y$3:$Y$13,MATCH($I21,$Y$3:$Y$13,1)):INDEX($Y$3:$Y$13,MATCH($I21,$Y$3:$Y$13,1)+1)),0)) | AB21: =IF(OR(D21="",NOT($H21="")),"",ROUND(_xlfn.FORECAST.LINEAR($S21,INDEX(AB$3:AB$13,MATCH($S21,$Y$3:$Y$13,1)):INDEX(AB$3:AB$13,MATCH($S21,$Y$3:$Y$13,1)+1),INDEX($Y$3:$Y$13,MATCH($S21,$Y$3:$Y$13,1)):INDEX($Y$3:$Y$13,MATCH($S21,$Y$3:$Y$13,1)+1)),0)) | AC21: =IF(OR(E21="",NOT($H21="")),"",ROUND(_xlfn.FORECAST.LINEAR($S21,INDEX(AC$3:AC$13,MATCH($S21,$Y$3:$Y$13,1)):INDEX(AC$3:AC$13,MATCH($S21,$Y$3:$Y$13,1)+1),INDEX($Y$3:$Y$13,MATCH($S21,$Y$3:$Y$13,1)):INDEX($Y$3:$Y$13,MATCH($S21,$Y$3:$Y$13,1)+1)),0)) | AD21: =IF(OR(F21="",NOT($H21="")),"",ROUND(_xlfn.FORECAST.LINEAR($S21,INDEX(AD$3:AD$13,MATCH($S21,$Y$3:$Y$13,1)):INDEX(AD$3:AD$13,MATCH($S21,$Y$3:$Y$13,1)+1),INDEX($Y$3:$Y$13,MATCH($S21,$Y$3:$Y$13,1)):INDEX($Y$3:$Y$13,MATCH($S21,$Y$3:$Y$13,1)+1)),0)) | AE21: =IF(OR(G21="",NOT($H21="")),"",ROUND(_xlfn.FORECAST.LINEAR($S21,INDEX(AE$3:AE$13,MATCH($S21,$Y$3:$Y$13,1)):INDEX(AE$3:AE$13,MATCH($S21,$Y$3:$Y$13,1)+1),INDEX($Y$3:$Y$13,MATCH($S21,$Y$3:$Y$13,1)):INDEX($Y$3:$Y$13,MATCH($S21,$Y$3:$Y$13,1)+1)),0)) | AF21: =IF($H21="",SUM(Z21:AE21),"") | AG21: =IF(AND($AF21=$AF$17,B21=1),B$9,"") | AH21: =IF(AND($AF21=$AF$17,C21=1),C$9,"") | AI21: =IF(AND($AF21=$AF$17,D21=1),D$9,"") | AJ21: =IF(AND($AF21=$AF$17,E21=1),E$9,"") | AK21: =IF(AND($AF21=$AF$17,F21=1),F$9,"") | AL21: =IF(AND($AF21=$AF$17,G21=1),G$9,"")
B22: 1 | H22: =IF($R$8>$J22,"Insufficient pwr",IF(OR(($M22-$T22-$V22)>0,$X22<$Q$5),"Insufficient PTI",IF(OR(($M22+$U22+$W22)<0,$Y22<$Q$5),"Insufficient PTO",IF(($P22-$R22)<0,"Insufficient AUX","")))) -> Insufficient PTO | I22: =$R$8/$J22 -> 0.65448948 | J22: =B22*B$10+D22*D$10+E22*E$10+F22*F$10+G22*G$10+C22*C$10 -> 24000 | K22: =IF($B22,$B$10)+IF($C22,$C$10) -> 24000 | L22: =(IF($B22,$B$10)+IF($C22,$C$10))*$I22 -> 15707.747 | M22: =$O$5-$L22 -> -4244.7475 | N22: =IF(AND($B22="",$M22>0),MIN($M22,$B$11),0) -> 0 | O22: =IF($M22<0,0,$M22+$Q22-$N22-$V22) -> 0 | P22: =IF($D22,$D$10)+IF($E22,$E$10)+IF($F22,$F$10)+IF($G22,$G$10) -> 0 | Q22: =IF($M22<0,0,$M22*$I$4) -> 0 | R22: =(IF($D22,$D$10)+IF($E22,$E$10)+IF($F22,$F$10)+IF($G22,$G$10))*$I22+$Q22 -> 0 | S22: =IF($P22=0,0,$R22/$P22) -> 0 | T22: =IF($M22<0,0,MIN(($N22+$O22),$B$11)) -> 0 | U22: =IF(AND($B22=1,$M22<0),MIN(ABS($M22),$B$13),0) -> 3250 | V22: =IF($M22<0,0,MIN(($M22-$N22),$C$11)) -> 0 | W22: =IF(AND($C22=1,$M22<0),MIN((ABS($M22)-$U22),$C$13),0) -> 0 | X22: =IF(IF(U22>0,0,$B$11-T22)+IF(W22>0,0,$C$11-V22)>$Q$5,$Q$5,IF(U22>0,0,$B$11-T22)+IF(W22>0,0,$C$11-V22)) -> -200.6025 | Y22: =IF(IF(T22>0,0,$B$11-U22)+IF(V22>0,0,$C$11-W22)>$Q$5,$Q$5,IF(T22>0,0,$B$11-U22)+IF(V22>0,0,$C$11-W22)) -> -200.6025 | Z22: =IF(OR(B22="",NOT($H22="")),"",ROUND(_xlfn.FORECAST.LINEAR($I22,INDEX(Z$3:Z$13,MATCH($I22,$Y$3:$Y$13,1)):INDEX(Z$3:Z$13,MATCH($I22,$Y$3:$Y$13,1)+1),INDEX($Y$3:$Y$13,MATCH($I22,$Y$3:$Y$13,1)):INDEX($Y$3:$Y$13,MATCH($I22,$Y$3:$Y$13,1)+1)),0)) | AA22: =IF(OR(C22="",NOT($H22="")),"",ROUND(_xlfn.FORECAST.LINEAR($I22,INDEX(AA$3:AA$13,MATCH($I22,$Y$3:$Y$13,1)):INDEX(AA$3:AA$13,MATCH($I22,$Y$3:$Y$13,1)+1),INDEX($Y$3:$Y$13,MATCH($I22,$Y$3:$Y$13,1)):INDEX($Y$3:$Y$13,MATCH($I22,$Y$3:$Y$13,1)+1)),0)) | AB22: =IF(OR(D22="",NOT($H22="")),"",ROUND(_xlfn.FORECAST.LINEAR($S22,INDEX(AB$3:AB$13,MATCH($S22,$Y$3:$Y$13,1)):INDEX(AB$3:AB$13,MATCH($S22,$Y$3:$Y$13,1)+1),INDEX($Y$3:$Y$13,MATCH($S22,$Y$3:$Y$13,1)):INDEX($Y$3:$Y$13,MATCH($S22,$Y$3:$Y$13,1)+1)),0)) | AC22: =IF(OR(E22="",NOT($H22="")),"",ROUND(_xlfn.FORECAST.LINEAR($S22,INDEX(AC$3:AC$13,MATCH($S22,$Y$3:$Y$13,1)):INDEX(AC$3:AC$13,MATCH($S22,$Y$3:$Y$13,1)+1),INDEX($Y$3:$Y$13,MATCH($S22,$Y$3:$Y$13,1)):INDEX($Y$3:$Y$13,MATCH($S22,$Y$3:$Y$13,1)+1)),0)) | AD22: =IF(OR(F22="",NOT($H22="")),"",ROUND(_xlfn.FORECAST.LINEAR($S22,INDEX(AD$3:AD$13,MATCH($S22,$Y$3:$Y$13,1)):INDEX(AD$3:AD$13,MATCH($S22,$Y$3:$Y$13,1)+1),INDEX($Y$3:$Y$13,MATCH($S22,$Y$3:$Y$13,1)):INDEX($Y$3:$Y$13,MATCH($S22,$Y$3:$Y$13,1)+1)),0)) | AE22: =IF(OR(G22="",NOT($H22="")),"",ROUND(_xlfn.FORECAST.LINEAR($S22,INDEX(AE$3:AE$13,MATCH($S22,$Y$3:$Y$13,1)):INDEX(AE$3:AE$13,MATCH($S22,$Y$3:$Y$13,1)+1),INDEX($Y$3:$Y$13,MATCH($S22,$Y$3:$Y$13,1)):INDEX($Y$3:$Y$13,MATCH($S22,$Y$3:$Y$13,1)+1)),0)) | AF22: =IF($H22="",SUM(Z22:AE22),"") | AG22: =IF(AND($AF22=$AF$17,B22=1),B$9,"") | AH22: =IF(AND($AF22=$AF$17,C22=1),C$9,"") | AI22: =IF(AND($AF22=$AF$17,D22=1),D$9,"") | AJ22: =IF(AND($AF22=$AF$17,E22=1),E$9,"") | AK22: =IF(AND($AF22=$AF$17,F22=1),F$9,"") | AL22: =IF(AND($AF22=$AF$17,G22=1),G$9,"")
C23: 1 | H23: =IF($R$8>$J23,"Insufficient pwr",IF(OR(($M23-$T23-$V23)>0,$X23<$Q$5),"Insufficient PTI",IF(OR(($M23+$U23+$W23)<0,$Y23<$Q$5),"Insufficient PTO",IF(($P23-$R23)<0,"Insufficient AUX","")))) -> Insufficient PTO | I23: =$R$8/$J23 -> 0.65448948 | J23: =B23*B$10+D23*D$10+E23*E$10+F23*F$10+G23*G$10+C23*C$10 -> 24000 | K23: =IF($B23,$B$10)+IF($C23,$C$10) -> 24000 | L23: =(IF($B23,$B$10)+IF($C23,$C$10))*$I23 -> 15707.747 | M23: =$O$5-$L23 -> -4244.7475 | N23: =IF(AND($B23="",$M23>0),MIN($M23,$B$11),0) -> 0 | O23: =IF($M23<0,0,$M23+$Q23-$N23-$V23) -> 0 | P23: =IF($D23,$D$10)+IF($E23,$E$10)+IF($F23,$F$10)+IF($G23,$G$10) -> 0 | Q23: =IF($M23<0,0,$M23*$I$4) -> 0 | R23: =(IF($D23,$D$10)+IF($E23,$E$10)+IF($F23,$F$10)+IF($G23,$G$10))*$I23+$Q23 -> 0 | S23: =IF($P23=0,0,$R23/$P23) -> 0 | T23: =IF($M23<0,0,MIN(($N23+$O23),$B$11)) -> 0 | U23: =IF(AND($B23=1,$M23<0),MIN(ABS($M23),$B$13),0) -> 0 | V23: =IF($M23<0,0,MIN(($M23-$N23),$C$11)) -> 0 | W23: =IF(AND($C23=1,$M23<0),MIN((ABS($M23)-$U23),$C$13),0) -> 3250 | X23: =IF(IF(U23>0,0,$B$11-T23)+IF(W23>0,0,$C$11-V23)>$Q$5,$Q$5,IF(U23>0,0,$B$11-T23)+IF(W23>0,0,$C$11-V23)) -> -200.6025 | Y23: =IF(IF(T23>0,0,$B$11-U23)+IF(V23>0,0,$C$11-W23)>$Q$5,$Q$5,IF(T23>0,0,$B$11-U23)+IF(V23>0,0,$C$11-W23)) -> -200.6025 | Z23: =IF(OR(B23="",NOT($H23="")),"",ROUND(_xlfn.FORECAST.LINEAR($I23,INDEX(Z$3:Z$13,MATCH($I23,$Y$3:$Y$13,1)):INDEX(Z$3:Z$13,MATCH($I23,$Y$3:$Y$13,1)+1),INDEX($Y$3:$Y$13,MATCH($I23,$Y$3:$Y$13,1)):INDEX($Y$3:$Y$13,MATCH($I23,$Y$3:$Y$13,1)+1)),0)) | AA23: =IF(OR(C23="",NOT($H23="")),"",ROUND(_xlfn.FORECAST.LINEAR($I23,INDEX(AA$3:AA$13,MATCH($I23,$Y$3:$Y$13,1)):INDEX(AA$3:AA$13,MATCH($I23,$Y$3:$Y$13,1)+1),INDEX($Y$3:$Y$13,MATCH($I23,$Y$3:$Y$13,1)):INDEX($Y$3:$Y$13,MATCH($I23,$Y$3:$Y$13,1)+1)),0)) | AB23: =IF(OR(D23="",NOT($H23="")),"",ROUND(_xlfn.FORECAST.LINEAR($S23,INDEX(AB$3:AB$13,MATCH($S23,$Y$3:$Y$13,1)):INDEX(AB$3:AB$13,MATCH($S23,$Y$3:$Y$13,1)+1),INDEX($Y$3:$Y$13,MATCH($S23,$Y$3:$Y$13,1)):INDEX($Y$3:$Y$13,MATCH($S23,$Y$3:$Y$13,1)+1)),0)) | AC23: =IF(OR(E23="",NOT($H23="")),"",ROUND(_xlfn.FORECAST.LINEAR($S23,INDEX(AC$3:AC$13,MATCH($S23,$Y$3:$Y$13,1)):INDEX(AC$3:AC$13,MATCH($S23,$Y$3:$Y$13,1)+1),INDEX($Y$3:$Y$13,MATCH($S23,$Y$3:$Y$13,1)):INDEX($Y$3:$Y$13,MATCH($S23,$Y$3:$Y$13,1)+1)),0)) | AD23: =IF(OR(F23="",NOT($H23="")),"",ROUND(_xlfn.FORECAST.LINEAR($S23,INDEX(AD$3:AD$13,MATCH($S23,$Y$3:$Y$13,1)):INDEX(AD$3:AD$13,MATCH($S23,$Y$3:$Y$13,1)+1),INDEX($Y$3:$Y$13,MATCH($S23,$Y$3:$Y$13,1)):INDEX($Y$3:$Y$13,MATCH($S23,$Y$3:$Y$13,1)+1)),0)) | AE23: =IF(OR(G23="",NOT($H23="")),"",ROUND(_xlfn.FORECAST.LINEAR($S23,INDEX(AE$3:AE$13,MATCH($S23,$Y$3:$Y$13,1)):INDEX(AE$3:AE$13,MATCH($S23,$Y$3:$Y$13,1)+1),INDEX($Y$3:$Y$13,MATCH($S23,$Y$3:$Y$13,1)):INDEX($Y$3:$Y$13,MATCH($S23,$Y$3:$Y$13,1)+1)),0)) | AF23: =IF($H23="",SUM(Z23:AE23),"") | AG23: =IF(AND($AF23=$AF$17,B23=1),B$9,"") | AH23: =IF(AND($AF23=$AF$17,C23=1),C$9,"") | AI23: =IF(AND($AF23=$AF$17,D23=1),D$9,"") | AJ23: =IF(AND($AF23=$AF$17,E23=1),E$9,"") | AK23: =IF(AND($AF23=$AF$17,F23=1),F$9,"") | AL23: =IF(AND($AF23=$AF$17,G23=1),G$9,"")
D24: 1 | E24: 1 | H24: =IF($R$8>$J24,"Insufficient pwr",IF(OR(($M24-$T24-$V24)>0,$X24<$Q$5),"Insufficient PTI",IF(OR(($M24+$U24+$W24)<0,$Y24<$Q$5),"Insufficient PTO",IF(($P24-$R24)<0,"Insufficient AUX","")))) -> Insufficient pwr | I24: =$R$8/$J24 -> 1.9634684 | J24: =B24*B$10+D24*D$10+E24*E$10+F24*F$10+G24*G$10+C24*C$10 -> 8000 | K24: =IF($B24,$B$10)+IF($C24,$C$10) -> 0 | L24: =(IF($B24,$B$10)+IF($C24,$C$10))*$I24 -> 0 | M24: =$O$5-$L24 -> 11463 | N24: =IF(AND($B24="",$M24>0),MIN($M24,$B$11),0) -> 3250 | O24: =IF($M24<0,0,$M24+$Q24-$N24-$V24) -> 5536.15 | P24: =IF($D24,$D$10)+IF($E24,$E$10)+IF($F24,$F$10)+IF($G24,$G$10) -> 8000 | Q24: =IF($M24<0,0,$M24*$I$4) -> 573.15 | R24: =(IF($D24,$D$10)+IF($E24,$E$10)+IF($F24,$F$10)+IF($G24,$G$10))*$I24+$Q24 -> 16280.897 | S24: =IF($P24=0,0,$R24/$P24) -> 2.0351122 | T24: =IF($M24<0,0,MIN(($N24+$O24),$B$11)) -> 3250 | U24: =IF(AND($B24=1,$M24<0),MIN(ABS($M24),$B$13),0) -> 0 | V24: =IF($M24<0,0,MIN(($M24-$N24),$C$11)) -> 3250 | W24: =IF(AND($C24=1,$M24<0),MIN((ABS($M24)-$U24),$C$13),0) -> 0 | X24: =IF(IF(U24>0,0,$B$11-T24)+IF(W24>0,0,$C$11-V24)>$Q$5,$Q$5,IF(U24>0,0,$B$11-T24)+IF(W24>0,0,$C$11-V24)) -> -200.6025 | Y24: =IF(IF(T24>0,0,$B$11-U24)+IF(V24>0,0,$C$11-W24)>$Q$5,$Q$5,IF(T24>0,0,$B$11-U24)+IF(V24>0,0,$C$11-W24)) -> -200.6025 | Z24: =IF(OR(B24="",NOT($H24="")),"",ROUND(_xlfn.FORECAST.LINEAR($I24,INDEX(Z$3:Z$13,MATCH($I24,$Y$3:$Y$13,1)):INDEX(Z$3:Z$13,MATCH($I24,$Y$3:$Y$13,1)+1),INDEX($Y$3:$Y$13,MATCH($I24,$Y$3:$Y$13,1)):INDEX($Y$3:$Y$13,MATCH($I24,$Y$3:$Y$13,1)+1)),0)) | AA24: =IF(OR(C24="",NOT($H24="")),"",ROUND(_xlfn.FORECAST.LINEAR($I24,INDEX(AA$3:AA$13,MATCH($I24,$Y$3:$Y$13,1)):INDEX(AA$3:AA$13,MATCH($I24,$Y$3:$Y$13,1)+1),INDEX($Y$3:$Y$13,MATCH($I24,$Y$3:$Y$13,1)):INDEX($Y$3:$Y$13,MATCH($I24,$Y$3:$Y$13,1)+1)),0)) | AB24: =IF(OR(D24="",NOT($H24="")),"",ROUND(_xlfn.FORECAST.LINEAR($S24,INDEX(AB$3:AB$13,MATCH($S24,$Y$3:$Y$13,1)):INDEX(AB$3:AB$13,MATCH($S24,$Y$3:$Y$13,1)+1),INDEX($Y$3:$Y$13,MATCH($S24,$Y$3:$Y$13,1)):INDEX($Y$3:$Y$13,MATCH($S24,$Y$3:$Y$13,1)+1)),0)) | AC24: =IF(OR(E24="",NOT($H24="")),"",ROUND(_xlfn.FORECAST.LINEAR($S24,INDEX(AC$3:AC$13,MATCH($S24,$Y$3:$Y$13,1)):INDEX(AC$3:AC$13,MATCH($S24,$Y$3:$Y$13,1)+1),INDEX($Y$3:$Y$13,MATCH($S24,$Y$3:$Y$13,1)):INDEX($Y$3:$Y$13,MATCH($S24,$Y$3:$Y$13,1)+1)),0)) | AD24: =IF(OR(F24="",NOT($H24="")),"",ROUND(_xlfn.FORECAST.LINEAR($S24,INDEX(AD$3:AD$13,MATCH($S24,$Y$3:$Y$13,1)):INDEX(AD$3:AD$13,MATCH($S24,$Y$3:$Y$13,1)+1),INDEX($Y$3:$Y$13,MATCH($S24,$Y$3:$Y$13,1)):INDEX($Y$3:$Y$13,MATCH($S24,$Y$3:$Y$13,1)+1)),0)) | AE24: =IF(OR(G24="",NOT($H24="")),"",ROUND(_xlfn.FORECAST.LINEAR($S24,INDEX(AE$3:AE$13,MATCH($S24,$Y$3:$Y$13,1)):INDEX(AE$3:AE$13,MATCH($S24,$Y$3:$Y$13,1)+1),INDEX($Y$3:$Y$13,MATCH($S24,$Y$3:$Y$13,1)):INDEX($Y$3:$Y$13,MATCH($S24,$Y$3:$Y$13,1)+1)),0)) | AF24: =IF($H24="",SUM(Z24:AE24),"") | AG24: =IF(AND($AF24=$AF$17,B24=1),B$9,"") | AH24: =IF(AND($AF24=$AF$17,C24=1),C$9,"") | AI24: =IF(AND($AF24=$AF$17,D24=1),D$9,"") | AJ24: =IF(AND($AF24=$AF$17,E24=1),E$9,"") | AK24: =IF(AND($AF24=$AF$17,F24=1),F$9,"") | AL24: =IF(AND($AF24=$AF$17,G24=1),G$9,"")
D25: 1 | F25: 1 | H25: =IF($R$8>$J25,"Insufficient pwr",IF(OR(($M25-$T25-$V25)>0,$X25<$Q$5),"Insufficient PTI",IF(OR(($M25+$U25+$W25)<0,$Y25<$Q$5),"Insufficient PTO",IF(($P25-$R25)<0,"Insufficient AUX","")))) -> Insufficient pwr | I25: =$R$8/$J25 -> 1.9634684 | J25: =B25*B$10+D25*D$10+E25*E$10+F25*F$10+G25*G$10+C25*C$10 -> 8000 | K25: =IF($B25,$B$10)+IF($C25,$C$10) -> 0 | L25: =(IF($B25,$B$10)+IF($C25,$C$10))*$I25 -> 0 | M25: =$O$5-$L25 -> 11463 | N25: =IF(AND($B25="",$M25>0),MIN($M25,$B$11),0) -> 3250 | O25: =IF($M25<0,0,$M25+$Q25-$N25-$V25) -> 5536.15 | P25: =IF($D25,$D$10)+IF($E25,$E$10)+IF($F25,$F$10)+IF($G25,$G$10) -> 8000 | Q25: =IF($M25<0,0,$M25*$I$4) -> 573.15 | R25: =(IF($D25,$D$10)+IF($E25,$E$10)+IF($F25,$F$10)+IF($G25,$G$10))*$I25+$Q25 -> 16280.897 | S25: =IF($P25=0,0,$R25/$P25) -> 2.0351122 | T25: =IF($M25<0,0,MIN(($N25+$O25),$B$11)) -> 3250 | U25: =IF(AND($B25=1,$M25<0),MIN(ABS($M25),$B$13),0) -> 0 | V25: =IF($M25<0,0,MIN(($M25-$N25),$C$11)) -> 3250 | W25: =IF(AND($C25=1,$M25<0),MIN((ABS($M25)-$U25),$C$13),0) -> 0 | X25: =IF(IF(U25>0,0,$B$11-T25)+IF(W25>0,0,$C$11-V25)>$Q$5,$Q$5,IF(U25>0,0,$B$11-T25)+IF(W25>0,0,$C$11-V25)) -> -200.6025 | Y25: =IF(IF(T25>0,0,$B$11-U25)+IF(V25>0,0,$C$11-W25)>$Q$5,$Q$5,IF(T25>0,0,$B$11-U25)+IF(V25>0,0,$C$11-W25)) -> -200.6025 | Z25: =IF(OR(B25="",NOT($H25="")),"",ROUND(_xlfn.FORECAST.LINEAR($I25,INDEX(Z$3:Z$13,MATCH($I25,$Y$3:$Y$13,1)):INDEX(Z$3:Z$13,MATCH($I25,$Y$3:$Y$13,1)+1),INDEX($Y$3:$Y$13,MATCH($I25,$Y$3:$Y$13,1)):INDEX($Y$3:$Y$13,MATCH($I25,$Y$3:$Y$13,1)+1)),0)) | AA25: =IF(OR(C25="",NOT($H25="")),"",ROUND(_xlfn.FORECAST.LINEAR($I25,INDEX(AA$3:AA$13,MATCH($I25,$Y$3:$Y$13,1)):INDEX(AA$3:AA$13,MATCH($I25,$Y$3:$Y$13,1)+1),INDEX($Y$3:$Y$13,MATCH($I25,$Y$3:$Y$13,1)):INDEX($Y$3:$Y$13,MATCH($I25,$Y$3:$Y$13,1)+1)),0)) | AB25: =IF(OR(D25="",NOT($H25="")),"",ROUND(_xlfn.FORECAST.LINEAR($S25,INDEX(AB$3:AB$13,MATCH($S25,$Y$3:$Y$13,1)):INDEX(AB$3:AB$13,MATCH($S25,$Y$3:$Y$13,1)+1),INDEX($Y$3:$Y$13,MATCH($S25,$Y$3:$Y$13,1)):INDEX($Y$3:$Y$13,MATCH($S25,$Y$3:$Y$13,1)+1)),0)) | AC25: =IF(OR(E25="",NOT($H25="")),"",ROUND(_xlfn.FORECAST.LINEAR($S25,INDEX(AC$3:AC$13,MATCH($S25,$Y$3:$Y$13,1)):INDEX(AC$3:AC$13,MATCH($S25,$Y$3:$Y$13,1)+1),INDEX($Y$3:$Y$13,MATCH($S25,$Y$3:$Y$13,1)):INDEX($Y$3:$Y$13,MATCH($S25,$Y$3:$Y$13,1)+1)),0)) | AD25: =IF(OR(F25="",NOT($H25="")),"",ROUND(_xlfn.FORECAST.LINEAR($S25,INDEX(AD$3:AD$13,MATCH($S25,$Y$3:$Y$13,1)):INDEX(AD$3:AD$13,MATCH($S25,$Y$3:$Y$13,1)+1),INDEX($Y$3:$Y$13,MATCH($S25,$Y$3:$Y$13,1)):INDEX($Y$3:$Y$13,MATCH($S25,$Y$3:$Y$13,1)+1)),0)) | AE25: =IF(OR(G25="",NOT($H25="")),"",ROUND(_xlfn.FORECAST.LINEAR($S25,INDEX(AE$3:AE$13,MATCH($S25,$Y$3:$Y$13,1)):INDEX(AE$3:AE$13,MATCH($S25,$Y$3:$Y$13,1)+1),INDEX($Y$3:$Y$13,MATCH($S25,$Y$3:$Y$13,1)):INDEX($Y$3:$Y$13,MATCH($S25,$Y$3:$Y$13,1)+1)),0)) | AF25: =IF($H25="",SUM(Z25:AE25),"") | AG25: =IF(AND($AF25=$AF$17,B25=1),B$9,"") | AH25: =IF(AND($AF25=$AF$17,C25=1),C$9,"") | AI25: =IF(AND($AF25=$AF$17,D25=1),D$9,"") | AJ25: =IF(AND($AF25=$AF$17,E25=1),E$9,"") | AK25: =IF(AND($AF25=$AF$17,F25=1),F$9,"") | AL25: =IF(AND($AF25=$AF$17,G25=1),G$9,"")
D26: 1 | G26: 1 | H26: =IF($R$8>$J26,"Insufficient pwr",IF(OR(($M26-$T26-$V26)>0,$X26<$Q$5),"Insufficient PTI",IF(OR(($M26+$U26+$W26)<0,$Y26<$Q$5),"Insufficient PTO",IF(($P26-$R26)<0,"Insufficient AUX","")))) -> Insufficient pwr | I26: =$R$8/$J26 -> 1.9634684 | J26: =B26*B$10+D26*D$10+E26*E$10+F26*F$10+G26*G$10+C26*C$10 -> 8000 | K26: =IF($B26,$B$10)+IF($C26,$C$10) -> 0 | L26: =(IF($B26,$B$10)+IF($C26,$C$10))*$I26 -> 0 | M26: =$O$5-$L26 -> 11463 | N26: =IF(AND($B26="",$M26>0),MIN($M26,$B$11),0) -> 3250 | O26: =IF($M26<0,0,$M26+$Q26-$N26-$V26) -> 5536.15 | P26: =IF($D26,$D$10)+IF($E26,$E$10)+IF($F26,$F$10)+IF($G26,$G$10) -> 8000 | Q26: =IF($M26<0,0,$M26*$I$4) -> 573.15 | R26: =(IF($D26,$D$10)+IF($E26,$E$10)+IF($F26,$F$10)+IF($G26,$G$10))*$I26+$Q26 -> 16280.897 | S26: =IF($P26=0,0,$R26/$P26) -> 2.0351122 | T26: =IF($M26<0,0,MIN(($N26+$O26),$B$11)) -> 3250 | U26: =IF(AND($B26=1,$M26<0),MIN(ABS($M26),$B$13),0) -> 0 | V26: =IF($M26<0,0,MIN(($M26-$N26),$C$11)) -> 3250 | W26: =IF(AND($C26=1,$M26<0),MIN((ABS($M26)-$U26),$C$13),0) -> 0 | X26: =IF(IF(U26>0,0,$B$11-T26)+IF(W26>0,0,$C$11-V26)>$Q$5,$Q$5,IF(U26>0,0,$B$11-T26)+IF(W26>0,0,$C$11-V26)) -> -200.6025 | Y26: =IF(IF(T26>0,0,$B$11-U26)+IF(V26>0,0,$C$11-W26)>$Q$5,$Q$5,IF(T26>0,0,$B$11-U26)+IF(V26>0,0,$C$11-W26)) -> -200.6025 | Z26: =IF(OR(B26="",NOT($H26="")),"",ROUND(_xlfn.FORECAST.LINEAR($I26,INDEX(Z$3:Z$13,MATCH($I26,$Y$3:$Y$13,1)):INDEX(Z$3:Z$13,MATCH($I26,$Y$3:$Y$13,1)+1),INDEX($Y$3:$Y$13,MATCH($I26,$Y$3:$Y$13,1)):INDEX($Y$3:$Y$13,MATCH($I26,$Y$3:$Y$13,1)+1)),0)) | AA26: =IF(OR(C26="",NOT($H26="")),"",ROUND(_xlfn.FORECAST.LINEAR($I26,INDEX(AA$3:AA$13,MATCH($I26,$Y$3:$Y$13,1)):INDEX(AA$3:AA$13,MATCH($I26,$Y$3:$Y$13,1)+1),INDEX($Y$3:$Y$13,MATCH($I26,$Y$3:$Y$13,1)):INDEX($Y$3:$Y$13,MATCH($I26,$Y$3:$Y$13,1)+1)),0)) | AB26: =IF(OR(D26="",NOT($H26="")),"",ROUND(_xlfn.FORECAST.LINEAR($S26,INDEX(AB$3:AB$13,MATCH($S26,$Y$3:$Y$13,1)):INDEX(AB$3:AB$13,MATCH($S26,$Y$3:$Y$13,1)+1),INDEX($Y$3:$Y$13,MATCH($S26,$Y$3:$Y$13,1)):INDEX($Y$3:$Y$13,MATCH($S26,$Y$3:$Y$13,1)+1)),0)) | AC26: =IF(OR(E26="",NOT($H26="")),"",ROUND(_xlfn.FORECAST.LINEAR($S26,INDEX(AC$3:AC$13,MATCH($S26,$Y$3:$Y$13,1)):INDEX(AC$3:AC$13,MATCH($S26,$Y$3:$Y$13,1)+1),INDEX($Y$3:$Y$13,MATCH($S26,$Y$3:$Y$13,1)):INDEX($Y$3:$Y$13,MATCH($S26,$Y$3:$Y$13,1)+1)),0)) | AD26: =IF(OR(F26="",NOT($H26="")),"",ROUND(_xlfn.FORECAST.LINEAR($S26,INDEX(AD$3:AD$13,MATCH($S26,$Y$3:$Y$13,1)):INDEX(AD$3:AD$13,MATCH($S26,$Y$3:$Y$13,1)+1),INDEX($Y$3:$Y$13,MATCH($S26,$Y$3:$Y$13,1)):INDEX($Y$3:$Y$13,MATCH($S26,$Y$3:$Y$13,1)+1)),0)) | AE26: =IF(OR(G26="",NOT($H26="")),"",ROUND(_xlfn.FORECAST.LINEAR($S26,INDEX(AE$3:AE$13,MATCH($S26,$Y$3:$Y$13,1)):INDEX(AE$3:AE$13,MATCH($S26,$Y$3:$Y$13,1)+1),INDEX($Y$3:$Y$13,MATCH($S26,$Y$3:$Y$13,1)):INDEX($Y$3:$Y$13,MATCH($S26,$Y$3:$Y$13,1)+1)),0)) | AF26: =IF($H26="",SUM(Z26:AE26),"") | AG26: =IF(AND($AF26=$AF$17,B26=1),B$9,"") | AH26: =IF(AND($AF26=$AF$17,C26=1),C$9,"") | AI26: =IF(AND($AF26=$AF$17,D26=1),D$9,"") | AJ26: =IF(AND($AF26=$AF$17,E26=1),E$9,"") | AK26: =IF(AND($AF26=$AF$17,F26=1),F$9,"") | AL26: =IF(AND($AF26=$AF$17,G26=1),G$9,"")
E27: 1 | F27: 1 | H27: =IF($R$8>$J27,"Insufficient pwr",IF(OR(($M27-$T27-$V27)>0,$X27<$Q$5),"Insufficient PTI",IF(OR(($M27+$U27+$W27)<0,$Y27<$Q$5),"Insufficient PTO",IF(($P27-$R27)<0,"Insufficient AUX","")))) -> Insufficient pwr | I27: =$R$8/$J27 -> 1.9634684 | J27: =B27*B$10+D27*D$10+E27*E$10+F27*F$10+G27*G$10+C27*C$10 -> 8000 | K27: =IF($B27,$B$10)+IF($C27,$C$10) -> 0 | L27: =(IF($B27,$B$10)+IF($C27,$C$10))*$I27 -> 0 | M27: =$O$5-$L27 -> 11463 | N27: =IF(AND($B27="",$M27>0),MIN($M27,$B$11),0) -> 3250 | O27: =IF($M27<0,0,$M27+$Q27-$N27-$V27) -> 5536.15 | P27: =IF($D27,$D$10)+IF($E27,$E$10)+IF($F27,$F$10)+IF($G27,$G$10) -> 8000 | Q27: =IF($M27<0,0,$M27*$I$4) -> 573.15 | R27: =(IF($D27,$D$10)+IF($E27,$E$10)+IF($F27,$F$10)+IF($G27,$G$10))*$I27+$Q27 -> 16280.897 | S27: =IF($P27=0,0,$R27/$P27) -> 2.0351122 | T27: =IF($M27<0,0,MIN(($N27+$O27),$B$11)) -> 3250 | U27: =IF(AND($B27=1,$M27<0),MIN(ABS($M27),$B$13),0) -> 0 | V27: =IF($M27<0,0,MIN(($M27-$N27),$C$11)) -> 3250 | W27: =IF(AND($C27=1,$M27<0),MIN((ABS($M27)-$U27),$C$13),0) -> 0 | X27: =IF(IF(U27>0,0,$B$11-T27)+IF(W27>0,0,$C$11-V27)>$Q$5,$Q$5,IF(U27>0,0,$B$11-T27)+IF(W27>0,0,$C$11-V27)) -> -200.6025 | Y27: =IF(IF(T27>0,0,$B$11-U27)+IF(V27>0,0,$C$11-W27)>$Q$5,$Q$5,IF(T27>0,0,$B$11-U27)+IF(V27>0,0,$C$11-W27)) -> -200.6025 | Z27: =IF(OR(B27="",NOT($H27="")),"",ROUND(_xlfn.FORECAST.LINEAR($I27,INDEX(Z$3:Z$13,MATCH($I27,$Y$3:$Y$13,1)):INDEX(Z$3:Z$13,MATCH($I27,$Y$3:$Y$13,1)+1),INDEX($Y$3:$Y$13,MATCH($I27,$Y$3:$Y$13,1)):INDEX($Y$3:$Y$13,MATCH($I27,$Y$3:$Y$13,1)+1)),0)) | AA27: =IF(OR(C27="",NOT($H27="")),"",ROUND(_xlfn.FORECAST.LINEAR($I27,INDEX(AA$3:AA$13,MATCH($I27,$Y$3:$Y$13,1)):INDEX(AA$3:AA$13,MATCH($I27,$Y$3:$Y$13,1)+1),INDEX($Y$3:$Y$13,MATCH($I27,$Y$3:$Y$13,1)):INDEX($Y$3:$Y$13,MATCH($I27,$Y$3:$Y$13,1)+1)),0)) | AB27: =IF(OR(D27="",NOT($H27="")),"",ROUND(_xlfn.FORECAST.LINEAR($S27,INDEX(AB$3:AB$13,MATCH($S27,$Y$3:$Y$13,1)):INDEX(AB$3:AB$13,MATCH($S27,$Y$3:$Y$13,1)+1),INDEX($Y$3:$Y$13,MATCH($S27,$Y$3:$Y$13,1)):INDEX($Y$3:$Y$13,MATCH($S27,$Y$3:$Y$13,1)+1)),0)) | AC27: =IF(OR(E27="",NOT($H27="")),"",ROUND(_xlfn.FORECAST.LINEAR($S27,INDEX(AC$3:AC$13,MATCH($S27,$Y$3:$Y$13,1)):INDEX(AC$3:AC$13,MATCH($S27,$Y$3:$Y$13,1)+1),INDEX($Y$3:$Y$13,MATCH($S27,$Y$3:$Y$13,1)):INDEX($Y$3:$Y$13,MATCH($S27,$Y$3:$Y$13,1)+1)),0)) | AD27: =IF(OR(F27="",NOT($H27="")),"",ROUND(_xlfn.FORECAST.LINEAR($S27,INDEX(AD$3:AD$13,MATCH($S27,$Y$3:$Y$13,1)):INDEX(AD$3:AD$13,MATCH($S27,$Y$3:$Y$13,1)+1),INDEX($Y$3:$Y$13,MATCH($S27,$Y$3:$Y$13,1)):INDEX($Y$3:$Y$13,MATCH($S27,$Y$3:$Y$13,1)+1)),0)) | AE27: =IF(OR(G27="",NOT($H27="")),"",ROUND(_xlfn.FORECAST.LINEAR($S27,INDEX(AE$3:AE$13,MATCH($S27,$Y$3:$Y$13,1)):INDEX(AE$3:AE$13,MATCH($S27,$Y$3:$Y$13,1)+1),INDEX($Y$3:$Y$13,MATCH($S27,$Y$3:$Y$13,1)):INDEX($Y$3:$Y$13,MATCH($S27,$Y$3:$Y$13,1)+1)),0)) | AF27: =IF($H27="",SUM(Z27:AE27),"") | AG27: =IF(AND($AF27=$AF$17,B27=1),B$9,"") | AH27: =IF(AND($AF27=$AF$17,C27=1),C$9,"") | AI27: =IF(AND($AF27=$AF$17,D27=1),D$9,"") | AJ27: =IF(AND($AF27=$AF$17,E27=1),E$9,"") | AK27: =IF(AND($AF27=$AF$17,F27=1),F$9,"") | AL27: =IF(AND($AF27=$AF$17,G27=1),G$9,"")
E28: 1 | G28: 1 | H28: =IF($R$8>$J28,"Insufficient pwr",IF(OR(($M28-$T28-$V28)>0,$X28<$Q$5),"Insufficient PTI",IF(OR(($M28+$U28+$W28)<0,$Y28<$Q$5),"Insufficient PTO",IF(($P28-$R28)<0,"Insufficient AUX","")))) -> Insufficient pwr | I28: =$R$8/$J28 -> 1.9634684 | J28: =B28*B$10+D28*D$10+E28*E$10+F28*F$10+G28*G$10+C28*C$10 -> 8000 | K28: =IF($B28,$B$10)+IF($C28,$C$10) -> 0 | L28: =(IF($B28,$B$10)+IF($C28,$C$10))*$I28 -> 0 | M28: =$O$5-$L28 -> 11463 | N28: =IF(AND($B28="",$M28>0),MIN($M28,$B$11),0) -> 3250 | O28: =IF($M28<0,0,$M28+$Q28-$N28-$V28) -> 5536.15 | P28: =IF($D28,$D$10)+IF($E28,$E$10)+IF($F28,$F$10)+IF($G28,$G$10) -> 8000 | Q28: =IF($M28<0,0,$M28*$I$4) -> 573.15 | R28: =(IF($D28,$D$10)+IF($E28,$E$10)+IF($F28,$F$10)+IF($G28,$G$10))*$I28+$Q28 -> 16280.897 | S28: =IF($P28=0,0,$R28/$P28) -> 2.0351122 | T28: =IF($M28<0,0,MIN(($N28+$O28),$B$11)) -> 3250 | U28: =IF(AND($B28=1,$M28<0),MIN(ABS($M28),$B$13),0) -> 0 | V28: =IF($M28<0,0,MIN(($M28-$N28),$C$11)) -> 3250 | W28: =IF(AND($C28=1,$M28<0),MIN((ABS($M28)-$U28),$C$13),0) -> 0 | X28: =IF(IF(U28>0,0,$B$11-T28)+IF(W28>0,0,$C$11-V28)>$Q$5,$Q$5,IF(U28>0,0,$B$11-T28)+IF(W28>0,0,$C$11-V28)) -> -200.6025 | Y28: =IF(IF(T28>0,0,$B$11-U28)+IF(V28>0,0,$C$11-W28)>$Q$5,$Q$5,IF(T28>0,0,$B$11-U28)+IF(V28>0,0,$C$11-W28)) -> -200.6025 | Z28: =IF(OR(B28="",NOT($H28="")),"",ROUND(_xlfn.FORECAST.LINEAR($I28,INDEX(Z$3:Z$13,MATCH($I28,$Y$3:$Y$13,1)):INDEX(Z$3:Z$13,MATCH($I28,$Y$3:$Y$13,1)+1),INDEX($Y$3:$Y$13,MATCH($I28,$Y$3:$Y$13,1)):INDEX($Y$3:$Y$13,MATCH($I28,$Y$3:$Y$13,1)+1)),0)) | AA28: =IF(OR(C28="",NOT($H28="")),"",ROUND(_xlfn.FORECAST.LINEAR($I28,INDEX(AA$3:AA$13,MATCH($I28,$Y$3:$Y$13,1)):INDEX(AA$3:AA$13,MATCH($I28,$Y$3:$Y$13,1)+1),INDEX($Y$3:$Y$13,MATCH($I28,$Y$3:$Y$13,1)):INDEX($Y$3:$Y$13,MATCH($I28,$Y$3:$Y$13,1)+1)),0)) | AB28: =IF(OR(D28="",NOT($H28="")),"",ROUND(_xlfn.FORECAST.LINEAR($S28,INDEX(AB$3:AB$13,MATCH($S28,$Y$3:$Y$13,1)):INDEX(AB$3:AB$13,MATCH($S28,$Y$3:$Y$13,1)+1),INDEX($Y$3:$Y$13,MATCH($S28,$Y$3:$Y$13,1)):INDEX($Y$3:$Y$13,MATCH($S28,$Y$3:$Y$13,1)+1)),0)) | AC28: =IF(OR(E28="",NOT($H28="")),"",ROUND(_xlfn.FORECAST.LINEAR($S28,INDEX(AC$3:AC$13,MATCH($S28,$Y$3:$Y$13,1)):INDEX(AC$3:AC$13,MATCH($S28,$Y$3:$Y$13,1)+1),INDEX($Y$3:$Y$13,MATCH($S28,$Y$3:$Y$13,1)):INDEX($Y$3:$Y$13,MATCH($S28,$Y$3:$Y$13,1)+1)),0)) | AD28: =IF(OR(F28="",NOT($H28="")),"",ROUND(_xlfn.FORECAST.LINEAR($S28,INDEX(AD$3:AD$13,MATCH($S28,$Y$3:$Y$13,1)):INDEX(AD$3:AD$13,MATCH($S28,$Y$3:$Y$13,1)+1),INDEX($Y$3:$Y$13,MATCH($S28,$Y$3:$Y$13,1)):INDEX($Y$3:$Y$13,MATCH($S28,$Y$3:$Y$13,1)+1)),0)) | AE28: =IF(OR(G28="",NOT($H28="")),"",ROUND(_xlfn.FORECAST.LINEAR($S28,INDEX(AE$3:AE$13,MATCH($S28,$Y$3:$Y$13,1)):INDEX(AE$3:AE$13,MATCH($S28,$Y$3:$Y$13,1)+1),INDEX($Y$3:$Y$13,MATCH($S28,$Y$3:$Y$13,1)):INDEX($Y$3:$Y$13,MATCH($S28,$Y$3:$Y$13,1)+1)),0)) | AF28: =IF($H28="",SUM(Z28:AE28),"") | AG28: =IF(AND($AF28=$AF$17,B28=1),B$9,"") | AH28: =IF(AND($AF28=$AF$17,C28=1),C$9,"") | AI28: =IF(AND($AF28=$AF$17,D28=1),D$9,"") | AJ28: =IF(AND($AF28=$AF$17,E28=1),E$9,"") | AK28: =IF(AND($AF28=$AF$17,F28=1),F$9,"") | AL28: =IF(AND($AF28=$AF$17,G28=1),G$9,"")
F29: 1 | G29: 1 | H29: =IF($R$8>$J29,"Insufficient pwr",IF(OR(($M29-$T29-$V29)>0,$X29<$Q$5),"Insufficient PTI",IF(OR(($M29+$U29+$W29)<0,$Y29<$Q$5),"Insufficient PTO",IF(($P29-$R29)<0,"Insufficient AUX","")))) -> Insufficient pwr | I29: =$R$8/$J29 -> 1.9634684 | J29: =B29*B$10+D29*D$10+E29*E$10+F29*F$10+G29*G$10+C29*C$10 -> 8000 | K29: =IF($B29,$B$10)+IF($C29,$C$10) -> 0 | L29: =(IF($B29,$B$10)+IF($C29,$C$10))*$I29 -> 0 | M29: =$O$5-$L29 -> 11463 | N29: =IF(AND($B29="",$M29>0),MIN($M29,$B$11),0) -> 3250 | O29: =IF($M29<0,0,$M29+$Q29-$N29-$V29) -> 5536.15 | P29: =IF($D29,$D$10)+IF($E29,$E$10)+IF($F29,$F$10)+IF($G29,$G$10) -> 8000 | Q29: =IF($M29<0,0,$M29*$I$4) -> 573.15 | R29: =(IF($D29,$D$10)+IF($E29,$E$10)+IF($F29,$F$10)+IF($G29,$G$10))*$I29+$Q29 -> 16280.897 | S29: =IF($P29=0,0,$R29/$P29) -> 2.0351122 | T29: =IF($M29<0,0,MIN(($N29+$O29),$B$11)) -> 3250 | U29: =IF(AND($B29=1,$M29<0),MIN(ABS($M29),$B$13),0) -> 0 | V29: =IF($M29<0,0,MIN(($M29-$N29),$C$11)) -> 3250 | W29: =IF(AND($C29=1,$M29<0),MIN((ABS($M29)-$U29),$C$13),0) -> 0 | X29: =IF(IF(U29>0,0,$B$11-T29)+IF(W29>0,0,$C$11-V29)>$Q$5,$Q$5,IF(U29>0,0,$B$11-T29)+IF(W29>0,0,$C$11-V29)) -> -200.6025 | Y29: =IF(IF(T29>0,0,$B$11-U29)+IF(V29>0,0,$C$11-W29)>$Q$5,$Q$5,IF(T29>0,0,$B$11-U29)+IF(V29>0,0,$C$11-W29)) -> -200.6025 | Z29: =IF(OR(B29="",NOT($H29="")),"",ROUND(_xlfn.FORECAST.LINEAR($I29,INDEX(Z$3:Z$13,MATCH($I29,$Y$3:$Y$13,1)):INDEX(Z$3:Z$13,MATCH($I29,$Y$3:$Y$13,1)+1),INDEX($Y$3:$Y$13,MATCH($I29,$Y$3:$Y$13,1)):INDEX($Y$3:$Y$13,MATCH($I29,$Y$3:$Y$13,1)+1)),0)) | AA29: =IF(OR(C29="",NOT($H29="")),"",ROUND(_xlfn.FORECAST.LINEAR($I29,INDEX(AA$3:AA$13,MATCH($I29,$Y$3:$Y$13,1)):INDEX(AA$3:AA$13,MATCH($I29,$Y$3:$Y$13,1)+1),INDEX($Y$3:$Y$13,MATCH($I29,$Y$3:$Y$13,1)):INDEX($Y$3:$Y$13,MATCH($I29,$Y$3:$Y$13,1)+1)),0)) | AB29: =IF(OR(D29="",NOT($H29="")),"",ROUND(_xlfn.FORECAST.LINEAR($S29,INDEX(AB$3:AB$13,MATCH($S29,$Y$3:$Y$13,1)):INDEX(AB$3:AB$13,MATCH($S29,$Y$3:$Y$13,1)+1),INDEX($Y$3:$Y$13,MATCH($S29,$Y$3:$Y$13,1)):INDEX($Y$3:$Y$13,MATCH($S29,$Y$3:$Y$13,1)+1)),0)) | AC29: =IF(OR(E29="",NOT($H29="")),"",ROUND(_xlfn.FORECAST.LINEAR($S29,INDEX(AC$3:AC$13,MATCH($S29,$Y$3:$Y$13,1)):INDEX(AC$3:AC$13,MATCH($S29,$Y$3:$Y$13,1)+1),INDEX($Y$3:$Y$13,MATCH($S29,$Y$3:$Y$13,1)):INDEX($Y$3:$Y$13,MATCH($S29,$Y$3:$Y$13,1)+1)),0)) | AD29: =IF(OR(F29="",NOT($H29="")),"",ROUND(_xlfn.FORECAST.LINEAR($S29,INDEX(AD$3:AD$13,MATCH($S29,$Y$3:$Y$13,1)):INDEX(AD$3:AD$13,MATCH($S29,$Y$3:$Y$13,1)+1),INDEX($Y$3:$Y$13,MATCH($S29,$Y$3:$Y$13,1)):INDEX($Y$3:$Y$13,MATCH($S29,$Y$3:$Y$13,1)+1)),0)) | AE29: =IF(OR(G29="",NOT($H29="")),"",ROUND(_xlfn.FORECAST.LINEAR($S29,INDEX(AE$3:AE$13,MATCH($S29,$Y$3:$Y$13,1)):INDEX(AE$3:AE$13,MATCH($S29,$Y$3:$Y$13,1)+1),INDEX($Y$3:$Y$13,MATCH($S29,$Y$3:$Y$13,1)):INDEX($Y$3:$Y$13,MATCH($S29,$Y$3:$Y$13,1)+1)),0)) | AF29: =IF($H29="",SUM(Z29:AE29),"") | AG29: =IF(AND($AF29=$AF$17,B29=1),B$9,"") | AH29: =IF(AND($AF29=$AF$17,C29=1),C$9,"") | AI29: =IF(AND($AF29=$AF$17,D29=1),D$9,"") | AJ29: =IF(AND($AF29=$AF$17,E29=1),E$9,"") | AK29: =IF(AND($AF29=$AF$17,F29=1),F$9,"") | AL29: =IF(AND($AF29=$AF$17,G29=1),G$9,"")
B30: 1 | D30: 1 | H30: =IF($R$8>$J30,"Insufficient pwr",IF(OR(($M30-$T30-$V30)>0,$X30<$Q$5),"Insufficient PTI",IF(OR(($M30+$U30+$W30)<0,$Y30<$Q$5),"Insufficient PTO",IF(($P30-$R30)<0,"Insufficient AUX","")))) | I30: =$R$8/$J30 -> 0.56099098 | J30: =B30*B$10+D30*D$10+E30*E$10+F30*F$10+G30*G$10+C30*C$10 -> 28000 | K30: =IF($B30,$B$10)+IF($C30,$C$10) -> 24000 | L30: =(IF($B30,$B$10)+IF($C30,$C$10))*$I30 -> 13463.784 | M30: =$O$5-$L30 -> -2000.7836 | N30: =IF(AND($B30="",$M30>0),MIN($M30,$B$11),0) -> 0 | O30: =IF($M30<0,0,$M30+$Q30-$N30-$V30) -> 0 | P30: =IF($D30,$D$10)+IF($E30,$E$10)+IF($F30,$F$10)+IF($G30,$G$10) -> 4000 | Q30: =IF($M30<0,0,$M30*$I$4) -> 0 | R30: =(IF($D30,$D$10)+IF($E30,$E$10)+IF($F30,$F$10)+IF($G30,$G$10))*$I30+$Q30 -> 2243.9639 | S30: =IF($P30=0,0,$R30/$P30) -> 0.56099098 | T30: =IF($M30<0,0,MIN(($N30+$O30),$B$11)) -> 0 | U30: =IF(AND($B30=1,$M30<0),MIN(ABS($M30),$B$13),0) -> 2000.7836 | V30: =IF($M30<0,0,MIN(($M30-$N30),$C$11)) -> 0 | W30: =IF(AND($C30=1,$M30<0),MIN((ABS($M30)-$U30),$C$13),0) -> 0 | X30: =IF(IF(U30>0,0,$B$11-T30)+IF(W30>0,0,$C$11-V30)>$Q$5,$Q$5,IF(U30>0,0,$B$11-T30)+IF(W30>0,0,$C$11-V30)) -> -200.6025 | Y30: =IF(IF(T30>0,0,$B$11-U30)+IF(V30>0,0,$C$11-W30)>$Q$5,$Q$5,IF(T30>0,0,$B$11-U30)+IF(V30>0,0,$C$11-W30)) -> -200.6025 | Z30: =IF(OR(B30="",NOT($H30="")),"",ROUND(_xlfn.FORECAST.LINEAR($I30,INDEX(Z$3:Z$13,MATCH($I30,$Y$3:$Y$13,1)):INDEX(Z$3:Z$13,MATCH($I30,$Y$3:$Y$13,1)+1),INDEX($Y$3:$Y$13,MATCH($I30,$Y$3:$Y$13,1)):INDEX($Y$3:$Y$13,MATCH($I30,$Y$3:$Y$13,1)+1)),0)) -> 166 | AA30: =IF(OR(C30="",NOT($H30="")),"",ROUND(_xlfn.FORECAST.LINEAR($I30,INDEX(AA$3:AA$13,MATCH($I30,$Y$3:$Y$13,1)):INDEX(AA$3:AA$13,MATCH($I30,$Y$3:$Y$13,1)+1),INDEX($Y$3:$Y$13,MATCH($I30,$Y$3:$Y$13,1)):INDEX($Y$3:$Y$13,MATCH($I30,$Y$3:$Y$13,1)+1)),0)) | AB30: =IF(OR(D30="",NOT($H30="")),"",ROUND(_xlfn.FORECAST.LINEAR($S30,INDEX(AB$3:AB$13,MATCH($S30,$Y$3:$Y$13,1)):INDEX(AB$3:AB$13,MATCH($S30,$Y$3:$Y$13,1)+1),INDEX($Y$3:$Y$13,MATCH($S30,$Y$3:$Y$13,1)):INDEX($Y$3:$Y$13,MATCH($S30,$Y$3:$Y$13,1)+1)),0)) -> 196 | AC30: =IF(OR(E30="",NOT($H30="")),"",ROUND(_xlfn.FORECAST.LINEAR($S30,INDEX(AC$3:AC$13,MATCH($S30,$Y$3:$Y$13,1)):INDEX(AC$3:AC$13,MATCH($S30,$Y$3:$Y$13,1)+1),INDEX($Y$3:$Y$13,MATCH($S30,$Y$3:$Y$13,1)):INDEX($Y$3:$Y$13,MATCH($S30,$Y$3:$Y$13,1)+1)),0)) | AD30: =IF(OR(F30="",NOT($H30="")),"",ROUND(_xlfn.FORECAST.LINEAR($S30,INDEX(AD$3:AD$13,MATCH($S30,$Y$3:$Y$13,1)):INDEX(AD$3:AD$13,MATCH($S30,$Y$3:$Y$13,1)+1),INDEX($Y$3:$Y$13,MATCH($S30,$Y$3:$Y$13,1)):INDEX($Y$3:$Y$13,MATCH($S30,$Y$3:$Y$13,1)+1)),0)) | AE30: =IF(OR(G30="",NOT($H30="")),"",ROUND(_xlfn.FORECAST.LINEAR($S30,INDEX(AE$3:AE$13,MATCH($S30,$Y$3:$Y$13,1)):INDEX(AE$3:AE$13,MATCH($S30,$Y$3:$Y$13,1)+1),INDEX($Y$3:$Y$13,MATCH($S30,$Y$3:$Y$13,1)):INDEX($Y$3:$Y$13,MATCH($S30,$Y$3:$Y$13,1)+1)),0)) | AF30: =IF($H30="",SUM(Z30:AE30),"") -> 362 | AG30: =IF(AND($AF30=$AF$17,B30=1),B$9,"") | AH30: =IF(AND($AF30=$AF$17,C30=1),C$9,"") | AI30: =IF(AND($AF30=$AF$17,D30=1),D$9,"") | AJ30: =IF(AND($AF30=$AF$17,E30=1),E$9,"") | AK30: =IF(AND($AF30=$AF$17,F30=1),F$9,"") | AL30: =IF(AND($AF30=$AF$17,G30=1),G$9,"")
B31: 1 | E31: 1 | H31: =IF($R$8>$J31,"Insufficient pwr",IF(OR(($M31-$T31-$V31)>0,$X31<$Q$5),"Insufficient PTI",IF(OR(($M31+$U31+$W31)<0,$Y31<$Q$5),"Insufficient PTO",IF(($P31-$R31)<0,"Insufficient AUX","")))) | I31: =$R$8/$J31 -> 0.56099098 | J31: =B31*B$10+D31*D$10+E31*E$10+F31*F$10+G31*G$10+C31*C$10 -> 28000 | K31: =IF($B31,$B$10)+IF($C31,$C$10) -> 24000 | L31: =(IF($B31,$B$10)+IF($C31,$C$10))*$I31 -> 13463.784 | M31: =$O$5-$L31 -> -2000.7836 | N31: =IF(AND($B31="",$M31>0),MIN($M31,$B$11),0) -> 0 | O31: =IF($M31<0,0,$M31+$Q31-$N31-$V31) -> 0 | P31: =IF($D31,$D$10)+IF($E31,$E$10)+IF($F31,$F$10)+IF($G31,$G$10) -> 4000 | Q31: =IF($M31<0,0,$M31*$I$4) -> 0 | R31: =(IF($D31,$D$10)+IF($E31,$E$10)+IF($F31,$F$10)+IF($G31,$G$10))*$I31+$Q31 -> 2243.9639 | S31: =IF($P31=0,0,$R31/$P31) -> 0.56099098 | T31: =IF($M31<0,0,MIN(($N31+$O31),$B$11)) -> 0 | U31: =IF(AND($B31=1,$M31<0),MIN(ABS($M31),$B$13),0) -> 2000.7836 | V31: =IF($M31<0,0,MIN(($M31-$N31),$C$11)) -> 0 | W31: =IF(AND($C31=1,$M31<0),MIN((ABS($M31)-$U31),$C$13),0) -> 0 | X31: =IF(IF(U31>0,0,$B$11-T31)+IF(W31>0,0,$C$11-V31)>$Q$5,$Q$5,IF(U31>0,0,$B$11-T31)+IF(W31>0,0,$C$11-V31)) -> -200.6025 | Y31: =IF(IF(T31>0,0,$B$11-U31)+IF(V31>0,0,$C$11-W31)>$Q$5,$Q$5,IF(T31>0,0,$B$11-U31)+IF(V31>0,0,$C$11-W31)) -> -200.6025 | Z31: =IF(OR(B31="",NOT($H31="")),"",ROUND(_xlfn.FORECAST.LINEAR($I31,INDEX(Z$3:Z$13,MATCH($I31,$Y$3:$Y$13,1)):INDEX(Z$3:Z$13,MATCH($I31,$Y$3:$Y$13,1)+1),INDEX($Y$3:$Y$13,MATCH($I31,$Y$3:$Y$13,1)):INDEX($Y$3:$Y$13,MATCH($I31,$Y$3:$Y$13,1)+1)),0)) -> 166 | AA31: =IF(OR(C31="",NOT($H31="")),"",ROUND(_xlfn.FORECAST.LINEAR($I31,INDEX(AA$3:AA$13,MATCH($I31,$Y$3:$Y$13,1)):INDEX(AA$3:AA$13,MATCH($I31,$Y$3:$Y$13,1)+1),INDEX($Y$3:$Y$13,MATCH($I31,$Y$3:$Y$13,1)):INDEX($Y$3:$Y$13,MATCH($I31,$Y$3:$Y$13,1)+1)),0)) | AB31: =IF(OR(D31="",NOT($H31="")),"",ROUND(_xlfn.FORECAST.LINEAR($S31,INDEX(AB$3:AB$13,MATCH($S31,$Y$3:$Y$13,1)):INDEX(AB$3:AB$13,MATCH($S31,$Y$3:$Y$13,1)+1),INDEX($Y$3:$Y$13,MATCH($S31,$Y$3:$Y$13,1)):INDEX($Y$3:$Y$13,MATCH($S31,$Y$3:$Y$13,1)+1)),0)) | AC31: =IF(OR(E31="",NOT($H31="")),"",ROUND(_xlfn.FORECAST.LINEAR($S31,INDEX(AC$3:AC$13,MATCH($S31,$Y$3:$Y$13,1)):INDEX(AC$3:AC$13,MATCH($S31,$Y$3:$Y$13,1)+1),INDEX($Y$3:$Y$13,MATCH($S31,$Y$3:$Y$13,1)):INDEX($Y$3:$Y$13,MATCH($S31,$Y$3:$Y$13,1)+1)),0)) -> 196 | AD31: =IF(OR(F31="",NOT($H31="")),"",ROUND(_xlfn.FORECAST.LINEAR($S31,INDEX(AD$3:AD$13,MATCH($S31,$Y$3:$Y$13,1)):INDEX(AD$3:AD$13,MATCH($S31,$Y$3:$Y$13,1)+1),INDEX($Y$3:$Y$13,MATCH($S31,$Y$3:$Y$13,1)):INDEX($Y$3:$Y$13,MATCH($S31,$Y$3:$Y$13,1)+1)),0)) | AE31: =IF(OR(G31="",NOT($H31="")),"",ROUND(_xlfn.FORECAST.LINEAR($S31,INDEX(AE$3:AE$13,MATCH($S31,$Y$3:$Y$13,1)):INDEX(AE$3:AE$13,MATCH($S31,$Y$3:$Y$13,1)+1),INDEX($Y$3:$Y$13,MATCH($S31,$Y$3:$Y$13,1)):INDEX($Y$3:$Y$13,MATCH($S31,$Y$3:$Y$13,1)+1)),0)) | AF31: =IF($H31="",SUM(Z31:AE31),"") -> 362 | AG31: =IF(AND($AF31=$AF$17,B31=1),B$9,"") | AH31: =IF(AND($AF31=$AF$17,C31=1),C$9,"") | AI31: =IF(AND($AF31=$AF$17,D31=1),D$9,"") | AJ31: =IF(AND($AF31=$AF$17,E31=1),E$9,"") | AK31: =IF(AND($AF31=$AF$17,F31=1),F$9,"") | AL31: =IF(AND($AF31=$AF$17,G31=1),G$9,"")
B32: 1 | F32: 1 | H32: =IF($R$8>$J32,"Insufficient pwr",IF(OR(($M32-$T32-$V32)>0,$X32<$Q$5),"Insufficient PTI",IF(OR(($M32+$U32+$W32)<0,$Y32<$Q$5),"Insufficient PTO",IF(($P32-$R32)<0,"Insufficient AUX","")))) | I32: =$R$8/$J32 -> 0.56099098 | J32: =B32*B$10+D32*D$10+E32*E$10+F32*F$10+G32*G$10+C32*C$10 -> 28000 | K32: =IF($B32,$B$10)+IF($C32,$C$10) -> 24000 | L32: =(IF($B32,$B$10)+IF($C32,$C$10))*$I32 -> 13463.784 | M32: =$O$5-$L32 -> -2000.7836 | N32: =IF(AND($B32="",$M32>0),MIN($M32,$B$11),0) -> 0 | O32: =IF($M32<0,0,$M32+$Q32-$N32-$V32) -> 0 | P32: =IF($D32,$D$10)+IF($E32,$E$10)+IF($F32,$F$10)+IF($G32,$G$10) -> 4000 | Q32: =IF($M32<0,0,$M32*$I$4) -> 0 | R32: =(IF($D32,$D$10)+IF($E32,$E$10)+IF($F32,$F$10)+IF($G32,$G$10))*$I32+$Q32 -> 2243.9639 | S32: =IF($P32=0,0,$R32/$P32) -> 0.56099098 | T32: =IF($M32<0,0,MIN(($N32+$O32),$B$11)) -> 0 | U32: =IF(AND($B32=1,$M32<0),MIN(ABS($M32),$B$13),0) -> 2000.7836 | V32: =IF($M32<0,0,MIN(($M32-$N32),$C$11)) -> 0 | W32: =IF(AND($C32=1,$M32<0),MIN((ABS($M32)-$U32),$C$13),0) -> 0 | X32: =IF(IF(U32>0,0,$B$11-T32)+IF(W32>0,0,$C$11-V32)>$Q$5,$Q$5,IF(U32>0,0,$B$11-T32)+IF(W32>0,0,$C$11-V32)) -> -200.6025 | Y32: =IF(IF(T32>0,0,$B$11-U32)+IF(V32>0,0,$C$11-W32)>$Q$5,$Q$5,IF(T32>0,0,$B$11-U32)+IF(V32>0,0,$C$11-W32)) -> -200.6025 | Z32: =IF(OR(B32="",NOT($H32="")),"",ROUND(_xlfn.FORECAST.LINEAR($I32,INDEX(Z$3:Z$13,MATCH($I32,$Y$3:$Y$13,1)):INDEX(Z$3:Z$13,MATCH($I32,$Y$3:$Y$13,1)+1),INDEX($Y$3:$Y$13,MATCH($I32,$Y$3:$Y$13,1)):INDEX($Y$3:$Y$13,MATCH($I32,$Y$3:$Y$13,1)+1)),0)) -> 166 | AA32: =IF(OR(C32="",NOT($H32="")),"",ROUND(_xlfn.FORECAST.LINEAR($I32,INDEX(AA$3:AA$13,MATCH($I32,$Y$3:$Y$13,1)):INDEX(AA$3:AA$13,MATCH($I32,$Y$3:$Y$13,1)+1),INDEX($Y$3:$Y$13,MATCH($I32,$Y$3:$Y$13,1)):INDEX($Y$3:$Y$13,MATCH($I32,$Y$3:$Y$13,1)+1)),0)) | AB32: =IF(OR(D32="",NOT($H32="")),"",ROUND(_xlfn.FORECAST.LINEAR($S32,INDEX(AB$3:AB$13,MATCH($S32,$Y$3:$Y$13,1)):INDEX(AB$3:AB$13,MATCH($S32,$Y$3:$Y$13,1)+1),INDEX($Y$3:$Y$13,MATCH($S32,$Y$3:$Y$13,1)):INDEX($Y$3:$Y$13,MATCH($S32,$Y$3:$Y$13,1)+1)),0)) | AC32: =IF(OR(E32="",NOT($H32="")),"",ROUND(_xlfn.FORECAST.LINEAR($S32,INDEX(AC$3:AC$13,MATCH($S32,$Y$3:$Y$13,1)):INDEX(AC$3:AC$13,MATCH($S32,$Y$3:$Y$13,1)+1),INDEX($Y$3:$Y$13,MATCH($S32,$Y$3:$Y$13,1)):INDEX($Y$3:$Y$13,MATCH($S32,$Y$3:$Y$13,1)+1)),0)) | AD32: =IF(OR(F32="",NOT($H32="")),"",ROUND(_xlfn.FORECAST.LINEAR($S32,INDEX(AD$3:AD$13,MATCH($S32,$Y$3:$Y$13,1)):INDEX(AD$3:AD$13,MATCH($S32,$Y$3:$Y$13,1)+1),INDEX($Y$3:$Y$13,MATCH($S32,$Y$3:$Y$13,1)):INDEX($Y$3:$Y$13,MATCH($S32,$Y$3:$Y$13,1)+1)),0)) -> 188 | AE32: =IF(OR(G32="",NOT($H32="")),"",ROUND(_xlfn.FORECAST.LINEAR($S32,INDEX(AE$3:AE$13,MATCH($S32,$Y$3:$Y$13,1)):INDEX(AE$3:AE$13,MATCH($S32,$Y$3:$Y$13,1)+1),INDEX($Y$3:$Y$13,MATCH($S32,$Y$3:$Y$13,1)):INDEX($Y$3:$Y$13,MATCH($S32,$Y$3:$Y$13,1)+1)),0)) | AF32: =IF($H32="",SUM(Z32:AE32),"") -> 354 | AG32: =IF(AND($AF32=$AF$17,B32=1),B$9,"") | AH32: =IF(AND($AF32=$AF$17,C32=1),C$9,"") | AI32: =IF(AND($AF32=$AF$17,D32=1),D$9,"") | AJ32: =IF(AND($AF32=$AF$17,E32=1),E$9,"") | AK32: =IF(AND($AF32=$AF$17,F32=1),F$9,"") | AL32: =IF(AND($AF32=$AF$17,G32=1),G$9,"")
B33: 1 | G33: 1 | H33: =IF($R$8>$J33,"Insufficient pwr",IF(OR(($M33-$T33-$V33)>0,$X33<$Q$5),"Insufficient PTI",IF(OR(($M33+$U33+$W33)<0,$Y33<$Q$5),"Insufficient PTO",IF(($P33-$R33)<0,"Insufficient AUX","")))) | I33: =$R$8/$J33 -> 0.56099098 | J33: =B33*B$10+D33*D$10+E33*E$10+F33*F$10+G33*G$10+C33*C$10 -> 28000 | K33: =IF($B33,$B$10)+IF($C33,$C$10) -> 24000 | L33: =(IF($B33,$B$10)+IF($C33,$C$10))*$I33 -> 13463.784 | M33: =$O$5-$L33 -> -2000.7836 | N33: =IF(AND($B33="",$M33>0),MIN($M33,$B$11),0) -> 0 | O33: =IF($M33<0,0,$M33+$Q33-$N33-$V33) -> 0 | P33: =IF($D33,$D$10)+IF($E33,$E$10)+IF($F33,$F$10)+IF($G33,$G$10) -> 4000 | Q33: =IF($M33<0,0,$M33*$I$4) -> 0 | R33: =(IF($D33,$D$10)+IF($E33,$E$10)+IF($F33,$F$10)+IF($G33,$G$10))*$I33+$Q33 -> 2243.9639 | S33: =IF($P33=0,0,$R33/$P33) -> 0.56099098 | T33: =IF($M33<0,0,MIN(($N33+$O33),$B$11)) -> 0 | U33: =IF(AND($B33=1,$M33<0),MIN(ABS($M33),$B$13),0) -> 2000.7836 | V33: =IF($M33<0,0,MIN(($M33-$N33),$C$11)) -> 0 | W33: =IF(AND($C33=1,$M33<0),MIN((ABS($M33)-$U33),$C$13),0) -> 0 | X33: =IF(IF(U33>0,0,$B$11-T33)+IF(W33>0,0,$C$11-V33)>$Q$5,$Q$5,IF(U33>0,0,$B$11-T33)+IF(W33>0,0,$C$11-V33)) -> -200.6025 | Y33: =IF(IF(T33>0,0,$B$11-U33)+IF(V33>0,0,$C$11-W33)>$Q$5,$Q$5,IF(T33>0,0,$B$11-U33)+IF(V33>0,0,$C$11-W33)) -> -200.6025 | Z33: =IF(OR(B33="",NOT($H33="")),"",ROUND(_xlfn.FORECAST.LINEAR($I33,INDEX(Z$3:Z$13,MATCH($I33,$Y$3:$Y$13,1)):INDEX(Z$3:Z$13,MATCH($I33,$Y$3:$Y$13,1)+1),INDEX($Y$3:$Y$13,MATCH($I33,$Y$3:$Y$13,1)):INDEX($Y$3:$Y$13,MATCH($I33,$Y$3:$Y$13,1)+1)),0)) -> 166 | AA33: =IF(OR(C33="",NOT($H33="")),"",ROUND(_xlfn.FORECAST.LINEAR($I33,INDEX(AA$3:AA$13,MATCH($I33,$Y$3:$Y$13,1)):INDEX(AA$3:AA$13,MATCH($I33,$Y$3:$Y$13,1)+1),INDEX($Y$3:$Y$13,MATCH($I33,$Y$3:$Y$13,1)):INDEX($Y$3:$Y$13,MATCH($I33,$Y$3:$Y$13,1)+1)),0)) | AB33: =IF(OR(D33="",NOT($H33="")),"",ROUND(_xlfn.FORECAST.LINEAR($S33,INDEX(AB$3:AB$13,MATCH($S33,$Y$3:$Y$13,1)):INDEX(AB$3:AB$13,MATCH($S33,$Y$3:$Y$13,1)+1),INDEX($Y$3:$Y$13,MATCH($S33,$Y$3:$Y$13,1)):INDEX($Y$3:$Y$13,MATCH($S33,$Y$3:$Y$13,1)+1)),0)) | AC33: =IF(OR(E33="",NOT($H33="")),"",ROUND(_xlfn.FORECAST.LINEAR($S33,INDEX(AC$3:AC$13,MATCH($S33,$Y$3:$Y$13,1)):INDEX(AC$3:AC$13,MATCH($S33,$Y$3:$Y$13,1)+1),INDEX($Y$3:$Y$13,MATCH($S33,$Y$3:$Y$13,1)):INDEX($Y$3:$Y$13,MATCH($S33,$Y$3:$Y$13,1)+1)),0)) | AD33: =IF(OR(F33="",NOT($H33="")),"",ROUND(_xlfn.FORECAST.LINEAR($S33,INDEX(AD$3:AD$13,MATCH($S33,$Y$3:$Y$13,1)):INDEX(AD$3:AD$13,MATCH($S33,$Y$3:$Y$13,1)+1),INDEX($Y$3:$Y$13,MATCH($S33,$Y$3:$Y$13,1)):INDEX($Y$3:$Y$13,MATCH($S33,$Y$3:$Y$13,1)+1)),0)) | AE33: =IF(OR(G33="",NOT($H33="")),"",ROUND(_xlfn.FORECAST.LINEAR($S33,INDEX(AE$3:AE$13,MATCH($S33,$Y$3:$Y$13,1)):INDEX(AE$3:AE$13,MATCH($S33,$Y$3:$Y$13,1)+1),INDEX($Y$3:$Y$13,MATCH($S33,$Y$3:$Y$13,1)):INDEX($Y$3:$Y$13,MATCH($S33,$Y$3:$Y$13,1)+1)),0)) -> 216 | AF33: =IF($H33="",SUM(Z33:AE33),"") -> 382 | AG33: =IF(AND($AF33=$AF$17,B33=1),B$9,"") | AH33: =IF(AND($AF33=$AF$17,C33=1),C$9,"") | AI33: =IF(AND($AF33=$AF$17,D33=1),D$9,"") | AJ33: =IF(AND($AF33=$AF$17,E33=1),E$9,"") | AK33: =IF(AND($AF33=$AF$17,F33=1),F$9,"") | AL33: =IF(AND($AF33=$AF$17,G33=1),G$9,"")
C34: 1 | D34: 1 | H34: =IF($R$8>$J34,"Insufficient pwr",IF(OR(($M34-$T34-$V34)>0,$X34<$Q$5),"Insufficient PTI",IF(OR(($M34+$U34+$W34)<0,$Y34<$Q$5),"Insufficient PTO",IF(($P34-$R34)<0,"Insufficient AUX","")))) | I34: =$R$8/$J34 -> 0.56099098 | J34: =B34*B$10+D34*D$10+E34*E$10+F34*F$10+G34*G$10+C34*C$10 -> 28000 | K34: =IF($B34,$B$10)+IF($C34,$C$10) -> 24000 | L34: =(IF($B34,$B$10)+IF($C34,$C$10))*$I34 -> 13463.784 | M34: =$O$5-$L34 -> -2000.7836 | N34: =IF(AND($B34="",$M34>0),MIN($M34,$B$11),0) -> 0 | O34: =IF($M34<0,0,$M34+$Q34-$N34-$V34) -> 0 | P34: =IF($D34,$D$10)+IF($E34,$E$10)+IF($F34,$F$10)+IF($G34,$G$10) -> 4000 | Q34: =IF($M34<0,0,$M34*$I$4) -> 0 | R34: =(IF($D34,$D$10)+IF($E34,$E$10)+IF($F34,$F$10)+IF($G34,$G$10))*$I34+$Q34 -> 2243.9639 | S34: =IF($P34=0,0,$R34/$P34) -> 0.56099098 | T34: =IF($M34<0,0,MIN(($N34+$O34),$B$11)) -> 0 | U34: =IF(AND($B34=1,$M34<0),MIN(ABS($M34),$B$13),0) -> 0 | V34: =IF($M34<0,0,MIN(($M34-$N34),$C$11)) -> 0 | W34: =IF(AND($C34=1,$M34<0),MIN((ABS($M34)-$U34),$C$13),0) -> 2000.7836 | X34: =IF(IF(U34>0,0,$B$11-T34)+IF(W34>0,0,$C$11-V34)>$Q$5,$Q$5,IF(U34>0,0,$B$11-T34)+IF(W34>0,0,$C$11-V34)) -> -200.6025 | Y34: =IF(IF(T34>0,0,$B$11-U34)+IF(V34>0,0,$C$11-W34)>$Q$5,$Q$5,IF(T34>0,0,$B$11-U34)+IF(V34>0,0,$C$11-W34)) -> -200.6025 | Z34: =IF(OR(B34="",NOT($H34="")),"",ROUND(_xlfn.FORECAST.LINEAR($I34,INDEX(Z$3:Z$13,MATCH($I34,$Y$3:$Y$13,1)):INDEX(Z$3:Z$13,MATCH($I34,$Y$3:$Y$13,1)+1),INDEX($Y$3:$Y$13,MATCH($I34,$Y$3:$Y$13,1)):INDEX($Y$3:$Y$13,MATCH($I34,$Y$3:$Y$13,1)+1)),0)) | AA34: =IF(OR(C34="",NOT($H34="")),"",ROUND(_xlfn.FORECAST.LINEAR($I34,INDEX(AA$3:AA$13,MATCH($I34,$Y$3:$Y$13,1)):INDEX(AA$3:AA$13,MATCH($I34,$Y$3:$Y$13,1)+1),INDEX($Y$3:$Y$13,MATCH($I34,$Y$3:$Y$13,1)):INDEX($Y$3:$Y$13,MATCH($I34,$Y$3:$Y$13,1)+1)),0)) -> 166 | AB34: =IF(OR(D34="",NOT($H34="")),"",ROUND(_xlfn.FORECAST.LINEAR($S34,INDEX(AB$3:AB$13,MATCH($S34,$Y$3:$Y$13,1)):INDEX(AB$3:AB$13,MATCH($S34,$Y$3:$Y$13,1)+1),INDEX($Y$3:$Y$13,MATCH($S34,$Y$3:$Y$13,1)):INDEX($Y$3:$Y$13,MATCH($S34,$Y$3:$Y$13,1)+1)),0)) -> 196 | AC34: =IF(OR(E34="",NOT($H34="")),"",ROUND(_xlfn.FORECAST.LINEAR($S34,INDEX(AC$3:AC$13,MATCH($S34,$Y$3:$Y$13,1)):INDEX(AC$3:AC$13,MATCH($S34,$Y$3:$Y$13,1)+1),INDEX($Y$3:$Y$13,MATCH($S34,$Y$3:$Y$13,1)):INDEX($Y$3:$Y$13,MATCH($S34,$Y$3:$Y$13,1)+1)),0)) | AD34: =IF(OR(F34="",NOT($H34="")),"",ROUND(_xlfn.FORECAST.LINEAR($S34,INDEX(AD$3:AD$13,MATCH($S34,$Y$3:$Y$13,1)):INDEX(AD$3:AD$13,MATCH($S34,$Y$3:$Y$13,1)+1),INDEX($Y$3:$Y$13,MATCH($S34,$Y$3:$Y$13,1)):INDEX($Y$3:$Y$13,MATCH($S34,$Y$3:$Y$13,1)+1)),0)) | AE34: =IF(OR(G34="",NOT($H34="")),"",ROUND(_xlfn.FORECAST.LINEAR($S34,INDEX(AE$3:AE$13,MATCH($S34,$Y$3:$Y$13,1)):INDEX(AE$3:AE$13,MATCH($S34,$Y$3:$Y$13,1)+1),INDEX($Y$3:$Y$13,MATCH($S34,$Y$3:$Y$13,1)):INDEX($Y$3:$Y$13,MATCH($S34,$Y$3:$Y$13,1)+1)),0)) | AF34: =IF($H34="",SUM(Z34:AE34),"") -> 362 | AG34: =IF(AND($AF34=$AF$17,B34=1),B$9,"") | AH34: =IF(AND($AF34=$AF$17,C34=1),C$9,"") | AI34: =IF(AND($AF34=$AF$17,D34=1),D$9,"") | AJ34: =IF(AND($AF34=$AF$17,E34=1),E$9,"") | AK34: =IF(AND($AF34=$AF$17,F34=1),F$9,"") | AL34: =IF(AND($AF34=$AF$17,G34=1),G$9,"")
C35: 1 | E35: 1 | H35: =IF($R$8>$J35,"Insufficient pwr",IF(OR(($M35-$T35-$V35)>0,$X35<$Q$5),"Insufficient PTI",IF(OR(($M35+$U35+$W35)<0,$Y35<$Q$5),"Insufficient PTO",IF(($P35-$R35)<0,"Insufficient AUX","")))) | I35: =$R$8/$J35 -> 0.56099098 | J35: =B35*B$10+D35*D$10+E35*E$10+F35*F$10+G35*G$10+C35*C$10 -> 28000 | K35: =IF($B35,$B$10)+IF($C35,$C$10) -> 24000 | L35: =(IF($B35,$B$10)+IF($C35,$C$10))*$I35 -> 13463.784 | M35: =$O$5-$L35 -> -2000.7836 | N35: =IF(AND($B35="",$M35>0),MIN($M35,$B$11),0) -> 0 | O35: =IF($M35<0,0,$M35+$Q35-$N35-$V35) -> 0 | P35: =IF($D35,$D$10)+IF($E35,$E$10)+IF($F35,$F$10)+IF($G35,$G$10) -> 4000 | Q35: =IF($M35<0,0,$M35*$I$4) -> 0 | R35: =(IF($D35,$D$10)+IF($E35,$E$10)+IF($F35,$F$10)+IF($G35,$G$10))*$I35+$Q35 -> 2243.9639 | S35: =IF($P35=0,0,$R35/$P35) -> 0.56099098 | T35: =IF($M35<0,0,MIN(($N35+$O35),$B$11)) -> 0 | U35: =IF(AND($B35=1,$M35<0),MIN(ABS($M35),$B$13),0) -> 0 | V35: =IF($M35<0,0,MIN(($M35-$N35),$C$11)) -> 0 | W35: =IF(AND($C35=1,$M35<0),MIN((ABS($M35)-$U35),$C$13),0) -> 2000.7836 | X35: =IF(IF(U35>0,0,$B$11-T35)+IF(W35>0,0,$C$11-V35)>$Q$5,$Q$5,IF(U35>0,0,$B$11-T35)+IF(W35>0,0,$C$11-V35)) -> -200.6025 | Y35: =IF(IF(T35>0,0,$B$11-U35)+IF(V35>0,0,$C$11-W35)>$Q$5,$Q$5,IF(T35>0,0,$B$11-U35)+IF(V35>0,0,$C$11-W35)) -> -200.6025 | Z35: =IF(OR(B35="",NOT($H35="")),"",ROUND(_xlfn.FORECAST.LINEAR($I35,INDEX(Z$3:Z$13,MATCH($I35,$Y$3:$Y$13,1)):INDEX(Z$3:Z$13,MATCH($I35,$Y$3:$Y$13,1)+1),INDEX($Y$3:$Y$13,MATCH($I35,$Y$3:$Y$13,1)):INDEX($Y$3:$Y$13,MATCH($I35,$Y$3:$Y$13,1)+1)),0)) | AA35: =IF(OR(C35="",NOT($H35="")),"",ROUND(_xlfn.FORECAST.LINEAR($I35,INDEX(AA$3:AA$13,MATCH($I35,$Y$3:$Y$13,1)):INDEX(AA$3:AA$13,MATCH($I35,$Y$3:$Y$13,1)+1),INDEX($Y$3:$Y$13,MATCH($I35,$Y$3:$Y$13,1)):INDEX($Y$3:$Y$13,MATCH($I35,$Y$3:$Y$13,1)+1)),0)) -> 166 | AB35: =IF(OR(D35="",NOT($H35="")),"",ROUND(_xlfn.FORECAST.LINEAR($S35,INDEX(AB$3:AB$13,MATCH($S35,$Y$3:$Y$13,1)):INDEX(AB$3:AB$13,MATCH($S35,$Y$3:$Y$13,1)+1),INDEX($Y$3:$Y$13,MATCH($S35,$Y$3:$Y$13,1)):INDEX($Y$3:$Y$13,MATCH($S35,$Y$3:$Y$13,1)+1)),0)) | AC35: =IF(OR(E35="",NOT($H35="")),"",ROUND(_xlfn.FORECAST.LINEAR($S35,INDEX(AC$3:AC$13,MATCH($S35,$Y$3:$Y$13,1)):INDEX(AC$3:AC$13,MATCH($S35,$Y$3:$Y$13,1)+1),INDEX($Y$3:$Y$13,MATCH($S35,$Y$3:$Y$13,1)):INDEX($Y$3:$Y$13,MATCH($S35,$Y$3:$Y$13,1)+1)),0)) -> 196 | AD35: =IF(OR(F35="",NOT($H35="")),"",ROUND(_xlfn.FORECAST.LINEAR($S35,INDEX(AD$3:AD$13,MATCH($S35,$Y$3:$Y$13,1)):INDEX(AD$3:AD$13,MATCH($S35,$Y$3:$Y$13,1)+1),INDEX($Y$3:$Y$13,MATCH($S35,$Y$3:$Y$13,1)):INDEX($Y$3:$Y$13,MATCH($S35,$Y$3:$Y$13,1)+1)),0)) | AE35: =IF(OR(G35="",NOT($H35="")),"",ROUND(_xlfn.FORECAST.LINEAR($S35,INDEX(AE$3:AE$13,MATCH($S35,$Y$3:$Y$13,1)):INDEX(AE$3:AE$13,MATCH($S35,$Y$3:$Y$13,1)+1),INDEX($Y$3:$Y$13,MATCH($S35,$Y$3:$Y$13,1)):INDEX($Y$3:$Y$13,MATCH($S35,$Y$3:$Y$13,1)+1)),0)) | AF35: =IF($H35="",SUM(Z35:AE35),"") -> 362 | AG35: =IF(AND($AF35=$AF$17,B35=1),B$9,"") | AH35: =IF(AND($AF35=$AF$17,C35=1),C$9,"") | AI35: =IF(AND($AF35=$AF$17,D35=1),D$9,"") | AJ35: =IF(AND($AF35=$AF$17,E35=1),E$9,"") | AK35: =IF(AND($AF35=$AF$17,F35=1),F$9,"") | AL35: =IF(AND($AF35=$AF$17,G35=1),G$9,"")
C36: 1 | F36: 1 | H36: =IF($R$8>$J36,"Insufficient pwr",IF(OR(($M36-$T36-$V36)>0,$X36<$Q$5),"Insufficient PTI",IF(OR(($M36+$U36+$W36)<0,$Y36<$Q$5),"Insufficient PTO",IF(($P36-$R36)<0,"Insufficient AUX","")))) | I36: =$R$8/$J36 -> 0.56099098 | J36: =B36*B$10+D36*D$10+E36*E$10+F36*F$10+G36*G$10+C36*C$10 -> 28000 | K36: =IF($B36,$B$10)+IF($C36,$C$10) -> 24000 | L36: =(IF($B36,$B$10)+IF($C36,$C$10))*$I36 -> 13463.784 | M36: =$O$5-$L36 -> -2000.7836 | N36: =IF(AND($B36="",$M36>0),MIN($M36,$B$11),0) -> 0 | O36: =IF($M36<0,0,$M36+$Q36-$N36-$V36) -> 0 | P36: =IF($D36,$D$10)+IF($E36,$E$10)+IF($F36,$F$10)+IF($G36,$G$10) -> 4000 | Q36: =IF($M36<0,0,$M36*$I$4) -> 0 | R36: =(IF($D36,$D$10)+IF($E36,$E$10)+IF($F36,$F$10)+IF($G36,$G$10))*$I36+$Q36 -> 2243.9639 | S36: =IF($P36=0,0,$R36/$P36) -> 0.56099098 | T36: =IF($M36<0,0,MIN(($N36+$O36),$B$11)) -> 0 | U36: =IF(AND($B36=1,$M36<0),MIN(ABS($M36),$B$13),0) -> 0 | V36: =IF($M36<0,0,MIN(($M36-$N36),$C$11)) -> 0 | W36: =IF(AND($C36=1,$M36<0),MIN((ABS($M36)-$U36),$C$13),0) -> 2000.7836 | X36: =IF(IF(U36>0,0,$B$11-T36)+IF(W36>0,0,$C$11-V36)>$Q$5,$Q$5,IF(U36>0,0,$B$11-T36)+IF(W36>0,0,$C$11-V36)) -> -200.6025 | Y36: =IF(IF(T36>0,0,$B$11-U36)+IF(V36>0,0,$C$11-W36)>$Q$5,$Q$5,IF(T36>0,0,$B$11-U36)+IF(V36>0,0,$C$11-W36)) -> -200.6025 | Z36: =IF(OR(B36="",NOT($H36="")),"",ROUND(_xlfn.FORECAST.LINEAR($I36,INDEX(Z$3:Z$13,MATCH($I36,$Y$3:$Y$13,1)):INDEX(Z$3:Z$13,MATCH($I36,$Y$3:$Y$13,1)+1),INDEX($Y$3:$Y$13,MATCH($I36,$Y$3:$Y$13,1)):INDEX($Y$3:$Y$13,MATCH($I36,$Y$3:$Y$13,1)+1)),0)) | AA36: =IF(OR(C36="",NOT($H36="")),"",ROUND(_xlfn.FORECAST.LINEAR($I36,INDEX(AA$3:AA$13,MATCH($I36,$Y$3:$Y$13,1)):INDEX(AA$3:AA$13,MATCH($I36,$Y$3:$Y$13,1)+1),INDEX($Y$3:$Y$13,MATCH($I36,$Y$3:$Y$13,1)):INDEX($Y$3:$Y$13,MATCH($I36,$Y$3:$Y$13,1)+1)),0)) -> 166 | AB36: =IF(OR(D36="",NOT($H36="")),"",ROUND(_xlfn.FORECAST.LINEAR($S36,INDEX(AB$3:AB$13,MATCH($S36,$Y$3:$Y$13,1)):INDEX(AB$3:AB$13,MATCH($S36,$Y$3:$Y$13,1)+1),INDEX($Y$3:$Y$13,MATCH($S36,$Y$3:$Y$13,1)):INDEX($Y$3:$Y$13,MATCH($S36,$Y$3:$Y$13,1)+1)),0)) | AC36: =IF(OR(E36="",NOT($H36="")),"",ROUND(_xlfn.FORECAST.LINEAR($S36,INDEX(AC$3:AC$13,MATCH($S36,$Y$3:$Y$13,1)):INDEX(AC$3:AC$13,MATCH($S36,$Y$3:$Y$13,1)+1),INDEX($Y$3:$Y$13,MATCH($S36,$Y$3:$Y$13,1)):INDEX($Y$3:$Y$13,MATCH($S36,$Y$3:$Y$13,1)+1)),0)) | AD36: =IF(OR(F36="",NOT($H36="")),"",ROUND(_xlfn.FORECAST.LINEAR($S36,INDEX(AD$3:AD$13,MATCH($S36,$Y$3:$Y$13,1)):INDEX(AD$3:AD$13,MATCH($S36,$Y$3:$Y$13,1)+1),INDEX($Y$3:$Y$13,MATCH($S36,$Y$3:$Y$13,1)):INDEX($Y$3:$Y$13,MATCH($S36,$Y$3:$Y$13,1)+1)),0)) -> 188 | AE36: =IF(OR(G36="",NOT($H36="")),"",ROUND(_xlfn.FORECAST.LINEAR($S36,INDEX(AE$3:AE$13,MATCH($S36,$Y$3:$Y$13,1)):INDEX(AE$3:AE$13,MATCH($S36,$Y$3:$Y$13,1)+1),INDEX($Y$3:$Y$13,MATCH($S36,$Y$3:$Y$13,1)):INDEX($Y$3:$Y$13,MATCH($S36,$Y$3:$Y$13,1)+1)),0)) | AF36: =IF($H36="",SUM(Z36:AE36),"") -> 354 | AG36: =IF(AND($AF36=$AF$17,B36=1),B$9,"") | AH36: =IF(AND($AF36=$AF$17,C36=1),C$9,"") | AI36: =IF(AND($AF36=$AF$17,D36=1),D$9,"") | AJ36: =IF(AND($AF36=$AF$17,E36=1),E$9,"") | AK36: =IF(AND($AF36=$AF$17,F36=1),F$9,"") | AL36: =IF(AND($AF36=$AF$17,G36=1),G$9,"")
C37: 1 | G37: 1 | H37: =IF($R$8>$J37,"Insufficient pwr",IF(OR(($M37-$T37-$V37)>0,$X37<$Q$5),"Insufficient PTI",IF(OR(($M37+$U37+$W37)<0,$Y37<$Q$5),"Insufficient PTO",IF(($P37-$R37)<0,"Insufficient AUX","")))) | I37: =$R$8/$J37 -> 0.56099098 | J37: =B37*B$10+D37*D$10+E37*E$10+F37*F$10+G37*G$10+C37*C$10 -> 28000 | K37: =IF($B37,$B$10)+IF($C37,$C$10) -> 24000 | L37: =(IF($B37,$B$10)+IF($C37,$C$10))*$I37 -> 13463.784 | M37: =$O$5-$L37 -> -2000.7836 | N37: =IF(AND($B37="",$M37>0),MIN($M37,$B$11),0) -> 0 | O37: =IF($M37<0,0,$M37+$Q37-$N37-$V37) -> 0 | P37: =IF($D37,$D$10)+IF($E37,$E$10)+IF($F37,$F$10)+IF($G37,$G$10) -> 4000 | Q37: =IF($M37<0,0,$M37*$I$4) -> 0 | R37: =(IF($D37,$D$10)+IF($E37,$E$10)+IF($F37,$F$10)+IF($G37,$G$10))*$I37+$Q37 -> 2243.9639 | S37: =IF($P37=0,0,$R37/$P37) -> 0.56099098 | T37: =IF($M37<0,0,MIN(($N37+$O37),$B$11)) -> 0 | U37: =IF(AND($B37=1,$M37<0),MIN(ABS($M37),$B$13),0) -> 0 | V37: =IF($M37<0,0,MIN(($M37-$N37),$C$11)) -> 0 | W37: =IF(AND($C37=1,$M37<0),MIN((ABS($M37)-$U37),$C$13),0) -> 2000.7836 | X37: =IF(IF(U37>0,0,$B$11-T37)+IF(W37>0,0,$C$11-V37)>$Q$5,$Q$5,IF(U37>0,0,$B$11-T37)+IF(W37>0,0,$C$11-V37)) -> -200.6025 | Y37: =IF(IF(T37>0,0,$B$11-U37)+IF(V37>0,0,$C$11-W37)>$Q$5,$Q$5,IF(T37>0,0,$B$11-U37)+IF(V37>0,0,$C$11-W37)) -> -200.6025 | Z37: =IF(OR(B37="",NOT($H37="")),"",ROUND(_xlfn.FORECAST.LINEAR($I37,INDEX(Z$3:Z$13,MATCH($I37,$Y$3:$Y$13,1)):INDEX(Z$3:Z$13,MATCH($I37,$Y$3:$Y$13,1)+1),INDEX($Y$3:$Y$13,MATCH($I37,$Y$3:$Y$13,1)):INDEX($Y$3:$Y$13,MATCH($I37,$Y$3:$Y$13,1)+1)),0)) | AA37: =IF(OR(C37="",NOT($H37="")),"",ROUND(_xlfn.FORECAST.LINEAR($I37,INDEX(AA$3:AA$13,MATCH($I37,$Y$3:$Y$13,1)):INDEX(AA$3:AA$13,MATCH($I37,$Y$3:$Y$13,1)+1),INDEX($Y$3:$Y$13,MATCH($I37,$Y$3:$Y$13,1)):INDEX($Y$3:$Y$13,MATCH($I37,$Y$3:$Y$13,1)+1)),0)) -> 166 | AB37: =IF(OR(D37="",NOT($H37="")),"",ROUND(_xlfn.FORECAST.LINEAR($S37,INDEX(AB$3:AB$13,MATCH($S37,$Y$3:$Y$13,1)):INDEX(AB$3:AB$13,MATCH($S37,$Y$3:$Y$13,1)+1),INDEX($Y$3:$Y$13,MATCH($S37,$Y$3:$Y$13,1)):INDEX($Y$3:$Y$13,MATCH($S37,$Y$3:$Y$13,1)+1)),0)) | AC37: =IF(OR(E37="",NOT($H37="")),"",ROUND(_xlfn.FORECAST.LINEAR($S37,INDEX(AC$3:AC$13,MATCH($S37,$Y$3:$Y$13,1)):INDEX(AC$3:AC$13,MATCH($S37,$Y$3:$Y$13,1)+1),INDEX($Y$3:$Y$13,MATCH($S37,$Y$3:$Y$13,1)):INDEX($Y$3:$Y$13,MATCH($S37,$Y$3:$Y$13,1)+1)),0)) | AD37: =IF(OR(F37="",NOT($H37="")),"",ROUND(_xlfn.FORECAST.LINEAR($S37,INDEX(AD$3:AD$13,MATCH($S37,$Y$3:$Y$13,1)):INDEX(AD$3:AD$13,MATCH($S37,$Y$3:$Y$13,1)+1),INDEX($Y$3:$Y$13,MATCH($S37,$Y$3:$Y$13,1)):INDEX($Y$3:$Y$13,MATCH($S37,$Y$3:$Y$13,1)+1)),0)) | AE37: =IF(OR(G37="",NOT($H37="")),"",ROUND(_xlfn.FORECAST.LINEAR($S37,INDEX(AE$3:AE$13,MATCH($S37,$Y$3:$Y$13,1)):INDEX(AE$3:AE$13,MATCH($S37,$Y$3:$Y$13,1)+1),INDEX($Y$3:$Y$13,MATCH($S37,$Y$3:$Y$13,1)):INDEX($Y$3:$Y$13,MATCH($S37,$Y$3:$Y$13,1)+1)),0)) -> 216 | AF37: =IF($H37="",SUM(Z37:AE37),"") -> 382 | AG37: =IF(AND($AF37=$AF$17,B37=1),B$9,"") | AH37: =IF(AND($AF37=$AF$17,C37=1),C$9,"") | AI37: =IF(AND($AF37=$AF$17,D37=1),D$9,"") | AJ37: =IF(AND($AF37=$AF$17,E37=1),E$9,"") | AK37: =IF(AND($AF37=$AF$17,F37=1),F$9,"") | AL37: =IF(AND($AF37=$AF$17,G37=1),G$9,"")
B38: 1 | C38: 1 | H38: =IF($R$8>$J38,"Insufficient pwr",IF(OR(($M38-$T38-$V38)>0,$X38<$Q$5),"Insufficient PTI",IF(OR(($M38+$U38+$W38)<0,$Y38<$Q$5),"Insufficient PTO",IF(($P38-$R38)<0,"Insufficient AUX","")))) | I38: =$R$8/$J38 -> 0.32724474 | J38: =B38*B$10+D38*D$10+E38*E$10+F38*F$10+G38*G$10+C38*C$10 -> 48000 | K38: =IF($B38,$B$10)+IF($C38,$C$10) -> 48000 | L38: =(IF($B38,$B$10)+IF($C38,$C$10))*$I38 -> 15707.747 | M38: =$O$5-$L38 -> -4244.7475 | N38: =IF(AND($B38="",$M38>0),MIN($M38,$B$11),0) -> 0 | O38: =IF($M38<0,0,$M38+$Q38-$N38-$V38) -> 0 | P38: =IF($D38,$D$10)+IF($E38,$E$10)+IF($F38,$F$10)+IF($G38,$G$10) -> 0 | Q38: =IF($M38<0,0,$M38*$I$4) -> 0 | R38: =(IF($D38,$D$10)+IF($E38,$E$10)+IF($F38,$F$10)+IF($G38,$G$10))*$I38+$Q38 -> 0 | S38: =IF($P38=0,0,$R38/$P38) -> 0 | T38: =IF($M38<0,0,MIN(($N38+$O38),$B$11)) -> 0 | U38: =IF(AND($B38=1,$M38<0),MIN(ABS($M38),$B$13),0) -> 3250 | V38: =IF($M38<0,0,MIN(($M38-$N38),$C$11)) -> 0 | W38: =IF(AND($C38=1,$M38<0),MIN((ABS($M38)-$U38),$C$13),0) -> 994.7475 | X38: =IF(IF(U38>0,0,$B$11-T38)+IF(W38>0,0,$C$11-V38)>$Q$5,$Q$5,IF(U38>0,0,$B$11-T38)+IF(W38>0,0,$C$11-V38)) -> -200.6025 | Y38: =IF(IF(T38>0,0,$B$11-U38)+IF(V38>0,0,$C$11-W38)>$Q$5,$Q$5,IF(T38>0,0,$B$11-U38)+IF(V38>0,0,$C$11-W38)) -> -200.6025 | Z38: =IF(OR(B38="",NOT($H38="")),"",ROUND(_xlfn.FORECAST.LINEAR($I38,INDEX(Z$3:Z$13,MATCH($I38,$Y$3:$Y$13,1)):INDEX(Z$3:Z$13,MATCH($I38,$Y$3:$Y$13,1)+1),INDEX($Y$3:$Y$13,MATCH($I38,$Y$3:$Y$13,1)):INDEX($Y$3:$Y$13,MATCH($I38,$Y$3:$Y$13,1)+1)),0)) -> 172 | AA38: =IF(OR(C38="",NOT($H38="")),"",ROUND(_xlfn.FORECAST.LINEAR($I38,INDEX(AA$3:AA$13,MATCH($I38,$Y$3:$Y$13,1)):INDEX(AA$3:AA$13,MATCH($I38,$Y$3:$Y$13,1)+1),INDEX($Y$3:$Y$13,MATCH($I38,$Y$3:$Y$13,1)):INDEX($Y$3:$Y$13,MATCH($I38,$Y$3:$Y$13,1)+1)),0)) -> 172 | AB38: =IF(OR(D38="",NOT($H38="")),"",ROUND(_xlfn.FORECAST.LINEAR($S38,INDEX(AB$3:AB$13,MATCH($S38,$Y$3:$Y$13,1)):INDEX(AB$3:AB$13,MATCH($S38,$Y$3:$Y$13,1)+1),INDEX($Y$3:$Y$13,MATCH($S38,$Y$3:$Y$13,1)):INDEX($Y$3:$Y$13,MATCH($S38,$Y$3:$Y$13,1)+1)),0)) | AC38: =IF(OR(E38="",NOT($H38="")),"",ROUND(_xlfn.FORECAST.LINEAR($S38,INDEX(AC$3:AC$13,MATCH($S38,$Y$3:$Y$13,1)):INDEX(AC$3:AC$13,MATCH($S38,$Y$3:$Y$13,1)+1),INDEX($Y$3:$Y$13,MATCH($S38,$Y$3:$Y$13,1)):INDEX($Y$3:$Y$13,MATCH($S38,$Y$3:$Y$13,1)+1)),0)) | AD38: =IF(OR(F38="",NOT($H38="")),"",ROUND(_xlfn.FORECAST.LINEAR($S38,INDEX(AD$3:AD$13,MATCH($S38,$Y$3:$Y$13,1)):INDEX(AD$3:AD$13,MATCH($S38,$Y$3:$Y$13,1)+1),INDEX($Y$3:$Y$13,MATCH($S38,$Y$3:$Y$13,1)):INDEX($Y$3:$Y$13,MATCH($S38,$Y$3:$Y$13,1)+1)),0)) | AE38: =IF(OR(G38="",NOT($H38="")),"",ROUND(_xlfn.FORECAST.LINEAR($S38,INDEX(AE$3:AE$13,MATCH($S38,$Y$3:$Y$13,1)):INDEX(AE$3:AE$13,MATCH($S38,$Y$3:$Y$13,1)+1),INDEX($Y$3:$Y$13,MATCH($S38,$Y$3:$Y$13,1)):INDEX($Y$3:$Y$13,MATCH($S38,$Y$3:$Y$13,1)+1)),0)) | AF38: =IF($H38="",SUM(Z38:AE38),"") -> 344 | AG38: =IF(AND($AF38=$AF$17,B38=1),B$9,"") -> G1 | AH38: =IF(AND($AF38=$AF$17,C38=1),C$9,"") -> G6 | AI38: =IF(AND($AF38=$AF$17,D38=1),D$9,"") | AJ38: =IF(AND($AF38=$AF$17,E38=1),E$9,"") | AK38: =IF(AND($AF38=$AF$17,F38=1),F$9,"") | AL38: =IF(AND($AF38=$AF$17,G38=1),G$9,"") | AM38: =(Z38*L38/2)/1000+(AA38*L38/2)/1000 -> 2701.7326 | AN38: =AM38*3.206 -> 8661.7546
D39: 1 | E39: 1 | F39: 1 | H39: =IF($R$8>$J39,"Insufficient pwr",IF(OR(($M39-$T39-$V39)>0,$X39<$Q$5),"Insufficient PTI",IF(OR(($M39+$U39+$W39)<0,$Y39<$Q$5),"Insufficient PTO",IF(($P39-$R39)<0,"Insufficient AUX","")))) -> Insufficient pwr | I39: =$R$8/$J39 -> 1.308979 | J39: =B39*B$10+D39*D$10+E39*E$10+F39*F$10+G39*G$10+C39*C$10 -> 12000 | K39: =IF($B39,$B$10)+IF($C39,$C$10) -> 0 | L39: =(IF($B39,$B$10)+IF($C39,$C$10))*$I39 -> 0 | M39: =$O$5-$L39 -> 11463 | N39: =IF(AND($B39="",$M39>0),MIN($M39,$B$11),0) -> 3250 | O39: =IF($M39<0,0,$M39+$Q39-$N39-$V39) -> 5536.15 | P39: =IF($D39,$D$10)+IF($E39,$E$10)+IF($F39,$F$10)+IF($G39,$G$10) -> 12000 | Q39: =IF($M39<0,0,$M39*$I$4) -> 573.15 | R39: =(IF($D39,$D$10)+IF($E39,$E$10)+IF($F39,$F$10)+IF($G39,$G$10))*$I39+$Q39 -> 16280.897 | S39: =IF($P39=0,0,$R39/$P39) -> 1.3567415 | T39: =IF($M39<0,0,MIN(($N39+$O39),$B$11)) -> 3250 | U39: =IF(AND($B39=1,$M39<0),MIN(ABS($M39),$B$13),0) -> 0 | V39: =IF($M39<0,0,MIN(($M39-$N39),$C$11)) -> 3250 | W39: =IF(AND($C39=1,$M39<0),MIN((ABS($M39)-$U39),$C$13),0) -> 0 | X39: =IF(IF(U39>0,0,$B$11-T39)+IF(W39>0,0,$C$11-V39)>$Q$5,$Q$5,IF(U39>0,0,$B$11-T39)+IF(W39>0,0,$C$11-V39)) -> -200.6025 | Y39: =IF(IF(T39>0,0,$B$11-U39)+IF(V39>0,0,$C$11-W39)>$Q$5,$Q$5,IF(T39>0,0,$B$11-U39)+IF(V39>0,0,$C$11-W39)) -> -200.6025 | Z39: =IF(OR(B39="",NOT($H39="")),"",ROUND(_xlfn.FORECAST.LINEAR($I39,INDEX(Z$3:Z$13,MATCH($I39,$Y$3:$Y$13,1)):INDEX(Z$3:Z$13,MATCH($I39,$Y$3:$Y$13,1)+1),INDEX($Y$3:$Y$13,MATCH($I39,$Y$3:$Y$13,1)):INDEX($Y$3:$Y$13,MATCH($I39,$Y$3:$Y$13,1)+1)),0)) | AA39: =IF(OR(C39="",NOT($H39="")),"",ROUND(_xlfn.FORECAST.LINEAR($I39,INDEX(AA$3:AA$13,MATCH($I39,$Y$3:$Y$13,1)):INDEX(AA$3:AA$13,MATCH($I39,$Y$3:$Y$13,1)+1),INDEX($Y$3:$Y$13,MATCH($I39,$Y$3:$Y$13,1)):INDEX($Y$3:$Y$13,MATCH($I39,$Y$3:$Y$13,1)+1)),0)) | AB39: =IF(OR(D39="",NOT($H39="")),"",ROUND(_xlfn.FORECAST.LINEAR($S39,INDEX(AB$3:AB$13,MATCH($S39,$Y$3:$Y$13,1)):INDEX(AB$3:AB$13,MATCH($S39,$Y$3:$Y$13,1)+1),INDEX($Y$3:$Y$13,MATCH($S39,$Y$3:$Y$13,1)):INDEX($Y$3:$Y$13,MATCH($S39,$Y$3:$Y$13,1)+1)),0)) | AC39: =IF(OR(E39="",NOT($H39="")),"",ROUND(_xlfn.FORECAST.LINEAR($S39,INDEX(AC$3:AC$13,MATCH($S39,$Y$3:$Y$13,1)):INDEX(AC$3:AC$13,MATCH($S39,$Y$3:$Y$13,1)+1),INDEX($Y$3:$Y$13,MATCH($S39,$Y$3:$Y$13,1)):INDEX($Y$3:$Y$13,MATCH($S39,$Y$3:$Y$13,1)+1)),0)) | AD39: =IF(OR(F39="",NOT($H39="")),"",ROUND(_xlfn.FORECAST.LINEAR($S39,INDEX(AD$3:AD$13,MATCH($S39,$Y$3:$Y$13,1)):INDEX(AD$3:AD$13,MATCH($S39,$Y$3:$Y$13,1)+1),INDEX($Y$3:$Y$13,MATCH($S39,$Y$3:$Y$13,1)):INDEX($Y$3:$Y$13,MATCH($S39,$Y$3:$Y$13,1)+1)),0)) | AE39: =IF(OR(G39="",NOT($H39="")),"",ROUND(_xlfn.FORECAST.LINEAR($S39,INDEX(AE$3:AE$13,MATCH($S39,$Y$3:$Y$13,1)):INDEX(AE$3:AE$13,MATCH($S39,$Y$3:$Y$13,1)+1),INDEX($Y$3:$Y$13,MATCH($S39,$Y$3:$Y$13,1)):INDEX($Y$3:$Y$13,MATCH($S39,$Y$3:$Y$13,1)+1)),0)) | AF39: =IF($H39="",SUM(Z39:AE39),"") | AG39: =IF(AND($AF39=$AF$17,B39=1),B$9,"") | AH39: =IF(AND($AF39=$AF$17,C39=1),C$9,"") | AI39: =IF(AND($AF39=$AF$17,D39=1),D$9,"") | AJ39: =IF(AND($AF39=$AF$17,E39=1),E$9,"") | AK39: =IF(AND($AF39=$AF$17,F39=1),F$9,"") | AL39: =IF(AND($AF39=$AF$17,G39=1),G$9,"")
D40: 1 | E40: 1 | G40: 1 | H40: =IF($R$8>$J40,"Insufficient pwr",IF(OR(($M40-$T40-$V40)>0,$X40<$Q$5),"Insufficient PTI",IF(OR(($M40+$U40+$W40)<0,$Y40<$Q$5),"Insufficient PTO",IF(($P40-$R40)<0,"Insufficient AUX","")))) -> Insufficient pwr | I40: =$R$8/$J40 -> 1.308979 | J40: =B40*B$10+D40*D$10+E40*E$10+F40*F$10+G40*G$10+C40*C$10 -> 12000 | K40: =IF($B40,$B$10)+IF($C40,$C$10) -> 0 | L40: =(IF($B40,$B$10)+IF($C40,$C$10))*$I40 -> 0 | M40: =$O$5-$L40 -> 11463 | N40: =IF(AND($B40="",$M40>0),MIN($M40,$B$11),0) -> 3250 | O40: =IF($M40<0,0,$M40+$Q40-$N40-$V40) -> 5536.15 | P40: =IF($D40,$D$10)+IF($E40,$E$10)+IF($F40,$F$10)+IF($G40,$G$10) -> 12000 | Q40: =IF($M40<0,0,$M40*$I$4) -> 573.15 | R40: =(IF($D40,$D$10)+IF($E40,$E$10)+IF($F40,$F$10)+IF($G40,$G$10))*$I40+$Q40 -> 16280.897 | S40: =IF($P40=0,0,$R40/$P40) -> 1.3567415 | T40: =IF($M40<0,0,MIN(($N40+$O40),$B$11)) -> 3250 | U40: =IF(AND($B40=1,$M40<0),MIN(ABS($M40),$B$13),0) -> 0 | V40: =IF($M40<0,0,MIN(($M40-$N40),$C$11)) -> 3250 | W40: =IF(AND($C40=1,$M40<0),MIN((ABS($M40)-$U40),$C$13),0) -> 0 | X40: =IF(IF(U40>0,0,$B$11-T40)+IF(W40>0,0,$C$11-V40)>$Q$5,$Q$5,IF(U40>0,0,$B$11-T40)+IF(W40>0,0,$C$11-V40)) -> -200.6025 | Y40: =IF(IF(T40>0,0,$B$11-U40)+IF(V40>0,0,$C$11-W40)>$Q$5,$Q$5,IF(T40>0,0,$B$11-U40)+IF(V40>0,0,$C$11-W40)) -> -200.6025 | Z40: =IF(OR(B40="",NOT($H40="")),"",ROUND(_xlfn.FORECAST.LINEAR($I40,INDEX(Z$3:Z$13,MATCH($I40,$Y$3:$Y$13,1)):INDEX(Z$3:Z$13,MATCH($I40,$Y$3:$Y$13,1)+1),INDEX($Y$3:$Y$13,MATCH($I40,$Y$3:$Y$13,1)):INDEX($Y$3:$Y$13,MATCH($I40,$Y$3:$Y$13,1)+1)),0)) | AA40: =IF(OR(C40="",NOT($H40="")),"",ROUND(_xlfn.FORECAST.LINEAR($I40,INDEX(AA$3:AA$13,MATCH($I40,$Y$3:$Y$13,1)):INDEX(AA$3:AA$13,MATCH($I40,$Y$3:$Y$13,1)+1),INDEX($Y$3:$Y$13,MATCH($I40,$Y$3:$Y$13,1)):INDEX($Y$3:$Y$13,MATCH($I40,$Y$3:$Y$13,1)+1)),0)) | AB40: =IF(OR(D40="",NOT($H40="")),"",ROUND(_xlfn.FORECAST.LINEAR($S40,INDEX(AB$3:AB$13,MATCH($S40,$Y$3:$Y$13,1)):INDEX(AB$3:AB$13,MATCH($S40,$Y$3:$Y$13,1)+1),INDEX($Y$3:$Y$13,MATCH($S40,$Y$3:$Y$13,1)):INDEX($Y$3:$Y$13,MATCH($S40,$Y$3:$Y$13,1)+1)),0)) | AC40: =IF(OR(E40="",NOT($H40="")),"",ROUND(_xlfn.FORECAST.LINEAR($S40,INDEX(AC$3:AC$13,MATCH($S40,$Y$3:$Y$13,1)):INDEX(AC$3:AC$13,MATCH($S40,$Y$3:$Y$13,1)+1),INDEX($Y$3:$Y$13,MATCH($S40,$Y$3:$Y$13,1)):INDEX($Y$3:$Y$13,MATCH($S40,$Y$3:$Y$13,1)+1)),0)) | AD40: =IF(OR(F40="",NOT($H40="")),"",ROUND(_xlfn.FORECAST.LINEAR($S40,INDEX(AD$3:AD$13,MATCH($S40,$Y$3:$Y$13,1)):INDEX(AD$3:AD$13,MATCH($S40,$Y$3:$Y$13,1)+1),INDEX($Y$3:$Y$13,MATCH($S40,$Y$3:$Y$13,1)):INDEX($Y$3:$Y$13,MATCH($S40,$Y$3:$Y$13,1)+1)),0)) | AE40: =IF(OR(G40="",NOT($H40="")),"",ROUND(_xlfn.FORECAST.LINEAR($S40,INDEX(AE$3:AE$13,MATCH($S40,$Y$3:$Y$13,1)):INDEX(AE$3:AE$13,MATCH($S40,$Y$3:$Y$13,1)+1),INDEX($Y$3:$Y$13,MATCH($S40,$Y$3:$Y$13,1)):INDEX($Y$3:$Y$13,MATCH($S40,$Y$3:$Y$13,1)+1)),0)) | AF40: =IF($H40="",SUM(Z40:AE40),"") | AG40: =IF(AND($AF40=$AF$17,B40=1),B$9,"") | AH40: =IF(AND($AF40=$AF$17,C40=1),C$9,"") | AI40: =IF(AND($AF40=$AF$17,D40=1),D$9,"") | AJ40: =IF(AND($AF40=$AF$17,E40=1),E$9,"") | AK40: =IF(AND($AF40=$AF$17,F40=1),F$9,"") | AL40: =IF(AND($AF40=$AF$17,G40=1),G$9,"")
D41: 1 | F41: 1 | G41: 1 | H41: =IF($R$8>$J41,"Insufficient pwr",IF(OR(($M41-$T41-$V41)>0,$X41<$Q$5),"Insufficient PTI",IF(OR(($M41+$U41+$W41)<0,$Y41<$Q$5),"Insufficient PTO",IF(($P41-$R41)<0,"Insufficient AUX","")))) -> Insufficient pwr | I41: =$R$8/$J41 -> 1.308979 | J41: =B41*B$10+D41*D$10+E41*E$10+F41*F$10+G41*G$10+C41*C$10 -> 12000 | K41: =IF($B41,$B$10)+IF($C41,$C$10) -> 0 | L41: =(IF($B41,$B$10)+IF($C41,$C$10))*$I41 -> 0 | M41: =$O$5-$L41 -> 11463 | N41: =IF(AND($B41="",$M41>0),MIN($M41,$B$11),0) -> 3250 | O41: =IF($M41<0,0,$M41+$Q41-$N41-$V41) -> 5536.15 | P41: =IF($D41,$D$10)+IF($E41,$E$10)+IF($F41,$F$10)+IF($G41,$G$10) -> 12000 | Q41: =IF($M41<0,0,$M41*$I$4) -> 573.15 | R41: =(IF($D41,$D$10)+IF($E41,$E$10)+IF($F41,$F$10)+IF($G41,$G$10))*$I41+$Q41 -> 16280.897 | S41: =IF($P41=0,0,$R41/$P41) -> 1.3567415 | T41: =IF($M41<0,0,MIN(($N41+$O41),$B$11)) -> 3250 | U41: =IF(AND($B41=1,$M41<0),MIN(ABS($M41),$B$13),0) -> 0 | V41: =IF($M41<0,0,MIN(($M41-$N41),$C$11)) -> 3250 | W41: =IF(AND($C41=1,$M41<0),MIN((ABS($M41)-$U41),$C$13),0) -> 0 | X41: =IF(IF(U41>0,0,$B$11-T41)+IF(W41>0,0,$C$11-V41)>$Q$5,$Q$5,IF(U41>0,0,$B$11-T41)+IF(W41>0,0,$C$11-V41)) -> -200.6025 | Y41: =IF(IF(T41>0,0,$B$11-U41)+IF(V41>0,0,$C$11-W41)>$Q$5,$Q$5,IF(T41>0,0,$B$11-U41)+IF(V41>0,0,$C$11-W41)) -> -200.6025 | Z41: =IF(OR(B41="",NOT($H41="")),"",ROUND(_xlfn.FORECAST.LINEAR($I41,INDEX(Z$3:Z$13,MATCH($I41,$Y$3:$Y$13,1)):INDEX(Z$3:Z$13,MATCH($I41,$Y$3:$Y$13,1)+1),INDEX($Y$3:$Y$13,MATCH($I41,$Y$3:$Y$13,1)):INDEX($Y$3:$Y$13,MATCH($I41,$Y$3:$Y$13,1)+1)),0)) | AA41: =IF(OR(C41="",NOT($H41="")),"",ROUND(_xlfn.FORECAST.LINEAR($I41,INDEX(AA$3:AA$13,MATCH($I41,$Y$3:$Y$13,1)):INDEX(AA$3:AA$13,MATCH($I41,$Y$3:$Y$13,1)+1),INDEX($Y$3:$Y$13,MATCH($I41,$Y$3:$Y$13,1)):INDEX($Y$3:$Y$13,MATCH($I41,$Y$3:$Y$13,1)+1)),0)) | AB41: =IF(OR(D41="",NOT($H41="")),"",ROUND(_xlfn.FORECAST.LINEAR($S41,INDEX(AB$3:AB$13,MATCH($S41,$Y$3:$Y$13,1)):INDEX(AB$3:AB$13,MATCH($S41,$Y$3:$Y$13,1)+1),INDEX($Y$3:$Y$13,MATCH($S41,$Y$3:$Y$13,1)):INDEX($Y$3:$Y$13,MATCH($S41,$Y$3:$Y$13,1)+1)),0)) | AC41: =IF(OR(E41="",NOT($H41="")),"",ROUND(_xlfn.FORECAST.LINEAR($S41,INDEX(AC$3:AC$13,MATCH($S41,$Y$3:$Y$13,1)):INDEX(AC$3:AC$13,MATCH($S41,$Y$3:$Y$13,1)+1),INDEX($Y$3:$Y$13,MATCH($S41,$Y$3:$Y$13,1)):INDEX($Y$3:$Y$13,MATCH($S41,$Y$3:$Y$13,1)+1)),0)) | AD41: =IF(OR(F41="",NOT($H41="")),"",ROUND(_xlfn.FORECAST.LINEAR($S41,INDEX(AD$3:AD$13,MATCH($S41,$Y$3:$Y$13,1)):INDEX(AD$3:AD$13,MATCH($S41,$Y$3:$Y$13,1)+1),INDEX($Y$3:$Y$13,MATCH($S41,$Y$3:$Y$13,1)):INDEX($Y$3:$Y$13,MATCH($S41,$Y$3:$Y$13,1)+1)),0)) | AE41: =IF(OR(G41="",NOT($H41="")),"",ROUND(_xlfn.FORECAST.LINEAR($S41,INDEX(AE$3:AE$13,MATCH($S41,$Y$3:$Y$13,1)):INDEX(AE$3:AE$13,MATCH($S41,$Y$3:$Y$13,1)+1),INDEX($Y$3:$Y$13,MATCH($S41,$Y$3:$Y$13,1)):INDEX($Y$3:$Y$13,MATCH($S41,$Y$3:$Y$13,1)+1)),0)) | AF41: =IF($H41="",SUM(Z41:AE41),"") | AG41: =IF(AND($AF41=$AF$17,B41=1),B$9,"") | AH41: =IF(AND($AF41=$AF$17,C41=1),C$9,"") | AI41: =IF(AND($AF41=$AF$17,D41=1),D$9,"") | AJ41: =IF(AND($AF41=$AF$17,E41=1),E$9,"") | AK41: =IF(AND($AF41=$AF$17,F41=1),F$9,"") | AL41: =IF(AND($AF41=$AF$17,G41=1),G$9,"")
E42: 1 | F42: 1 | G42: 1 | H42: =IF($R$8>$J42,"Insufficient pwr",IF(OR(($M42-$T42-$V42)>0,$X42<$Q$5),"Insufficient PTI",IF(OR(($M42+$U42+$W42)<0,$Y42<$Q$5),"Insufficient PTO",IF(($P42-$R42)<0,"Insufficient AUX","")))) -> Insufficient pwr | I42: =$R$8/$J42 -> 1.308979 | J42: =B42*B$10+D42*D$10+E42*E$10+F42*F$10+G42*G$10+C42*C$10 -> 12000 | K42: =IF($B42,$B$10)+IF($C42,$C$10) -> 0 | L42: =(IF($B42,$B$10)+IF($C42,$C$10))*$I42 -> 0 | M42: =$O$5-$L42 -> 11463 | N42: =IF(AND($B42="",$M42>0),MIN($M42,$B$11),0) -> 3250 | O42: =IF($M42<0,0,$M42+$Q42-$N42-$V42) -> 5536.15 | P42: =IF($D42,$D$10)+IF($E42,$E$10)+IF($F42,$F$10)+IF($G42,$G$10) -> 12000 | Q42: =IF($M42<0,0,$M42*$I$4) -> 573.15 | R42: =(IF($D42,$D$10)+IF($E42,$E$10)+IF($F42,$F$10)+IF($G42,$G$10))*$I42+$Q42 -> 16280.897 | S42: =IF($P42=0,0,$R42/$P42) -> 1.3567415 | T42: =IF($M42<0,0,MIN(($N42+$O42),$B$11)) -> 3250 | U42: =IF(AND($B42=1,$M42<0),MIN(ABS($M42),$B$13),0) -> 0 | V42: =IF($M42<0,0,MIN(($M42-$N42),$C$11)) -> 3250 | W42: =IF(AND($C42=1,$M42<0),MIN((ABS($M42)-$U42),$C$13),0) -> 0 | X42: =IF(IF(U42>0,0,$B$11-T42)+IF(W42>0,0,$C$11-V42)>$Q$5,$Q$5,IF(U42>0,0,$B$11-T42)+IF(W42>0,0,$C$11-V42)) -> -200.6025 | Y42: =IF(IF(T42>0,0,$B$11-U42)+IF(V42>0,0,$C$11-W42)>$Q$5,$Q$5,IF(T42>0,0,$B$11-U42)+IF(V42>0,0,$C$11-W42)) -> -200.6025 | Z42: =IF(OR(B42="",NOT($H42="")),"",ROUND(_xlfn.FORECAST.LINEAR($I42,INDEX(Z$3:Z$13,MATCH($I42,$Y$3:$Y$13,1)):INDEX(Z$3:Z$13,MATCH($I42,$Y$3:$Y$13,1)+1),INDEX($Y$3:$Y$13,MATCH($I42,$Y$3:$Y$13,1)):INDEX($Y$3:$Y$13,MATCH($I42,$Y$3:$Y$13,1)+1)),0)) | AA42: =IF(OR(C42="",NOT($H42="")),"",ROUND(_xlfn.FORECAST.LINEAR($I42,INDEX(AA$3:AA$13,MATCH($I42,$Y$3:$Y$13,1)):INDEX(AA$3:AA$13,MATCH($I42,$Y$3:$Y$13,1)+1),INDEX($Y$3:$Y$13,MATCH($I42,$Y$3:$Y$13,1)):INDEX($Y$3:$Y$13,MATCH($I42,$Y$3:$Y$13,1)+1)),0)) | AB42: =IF(OR(D42="",NOT($H42="")),"",ROUND(_xlfn.FORECAST.LINEAR($S42,INDEX(AB$3:AB$13,MATCH($S42,$Y$3:$Y$13,1)):INDEX(AB$3:AB$13,MATCH($S42,$Y$3:$Y$13,1)+1),INDEX($Y$3:$Y$13,MATCH($S42,$Y$3:$Y$13,1)):INDEX($Y$3:$Y$13,MATCH($S42,$Y$3:$Y$13,1)+1)),0)) | AC42: =IF(OR(E42="",NOT($H42="")),"",ROUND(_xlfn.FORECAST.LINEAR($S42,INDEX(AC$3:AC$13,MATCH($S42,$Y$3:$Y$13,1)):INDEX(AC$3:AC$13,MATCH($S42,$Y$3:$Y$13,1)+1),INDEX($Y$3:$Y$13,MATCH($S42,$Y$3:$Y$13,1)):INDEX($Y$3:$Y$13,MATCH($S42,$Y$3:$Y$13,1)+1)),0)) | AD42: =IF(OR(F42="",NOT($H42="")),"",ROUND(_xlfn.FORECAST.LINEAR($S42,INDEX(AD$3:AD$13,MATCH($S42,$Y$3:$Y$13,1)):INDEX(AD$3:AD$13,MATCH($S42,$Y$3:$Y$13,1)+1),INDEX($Y$3:$Y$13,MATCH($S42,$Y$3:$Y$13,1)):INDEX($Y$3:$Y$13,MATCH($S42,$Y$3:$Y$13,1)+1)),0)) | AE42: =IF(OR(G42="",NOT($H42="")),"",ROUND(_xlfn.FORECAST.LINEAR($S42,INDEX(AE$3:AE$13,MATCH($S42,$Y$3:$Y$13,1)):INDEX(AE$3:AE$13,MATCH($S42,$Y$3:$Y$13,1)+1),INDEX($Y$3:$Y$13,MATCH($S42,$Y$3:$Y$13,1)):INDEX($Y$3:$Y$13,MATCH($S42,$Y$3:$Y$13,1)+1)),0)) | AF42: =IF($H42="",SUM(Z42:AE42),"") | AG42: =IF(AND($AF42=$AF$17,B42=1),B$9,"") | AH42: =IF(AND($AF42=$AF$17,C42=1),C$9,"") | AI42: =IF(AND($AF42=$AF$17,D42=1),D$9,"") | AJ42: =IF(AND($AF42=$AF$17,E42=1),E$9,"") | AK42: =IF(AND($AF42=$AF$17,F42=1),F$9,"") | AL42: =IF(AND($AF42=$AF$17,G42=1),G$9,"")
B43: 1 | D43: 1 | E43: 1 | H43: =IF($R$8>$J43,"Insufficient pwr",IF(OR(($M43-$T43-$V43)>0,$X43<$Q$5),"Insufficient PTI",IF(OR(($M43+$U43+$W43)<0,$Y43<$Q$5),"Insufficient PTO",IF(($P43-$R43)<0,"Insufficient AUX","")))) | I43: =$R$8/$J43 -> 0.49086711 | J43: =B43*B$10+D43*D$10+E43*E$10+F43*F$10+G43*G$10+C43*C$10 -> 32000 | K43: =IF($B43,$B$10)+IF($C43,$C$10) -> 24000 | L43: =(IF($B43,$B$10)+IF($C43,$C$10))*$I43 -> 11780.811 | M43: =$O$5-$L43 -> -317.81063 | N43: =IF(AND($B43="",$M43>0),MIN($M43,$B$11),0) -> 0 | O43: =IF($M43<0,0,$M43+$Q43-$N43-$V43) -> 0 | P43: =IF($D43,$D$10)+IF($E43,$E$10)+IF($F43,$F$10)+IF($G43,$G$10) -> 8000 | Q43: =IF($M43<0,0,$M43*$I$4) -> 0 | R43: =(IF($D43,$D$10)+IF($E43,$E$10)+IF($F43,$F$10)+IF($G43,$G$10))*$I43+$Q43 -> 3926.9369 | S43: =IF($P43=0,0,$R43/$P43) -> 0.49086711 | T43: =IF($M43<0,0,MIN(($N43+$O43),$B$11)) -> 0 | U43: =IF(AND($B43=1,$M43<0),MIN(ABS($M43),$B$13),0) -> 317.81063 | V43: =IF($M43<0,0,MIN(($M43-$N43),$C$11)) -> 0 | W43: =IF(AND($C43=1,$M43<0),MIN((ABS($M43)-$U43),$C$13),0) -> 0 | X43: =IF(IF(U43>0,0,$B$11-T43)+IF(W43>0,0,$C$11-V43)>$Q$5,$Q$5,IF(U43>0,0,$B$11-T43)+IF(W43>0,0,$C$11-V43)) -> -200.6025 | Y43: =IF(IF(T43>0,0,$B$11-U43)+IF(V43>0,0,$C$11-W43)>$Q$5,$Q$5,IF(T43>0,0,$B$11-U43)+IF(V43>0,0,$C$11-W43)) -> -200.6025 | Z43: =IF(OR(B43="",NOT($H43="")),"",ROUND(_xlfn.FORECAST.LINEAR($I43,INDEX(Z$3:Z$13,MATCH($I43,$Y$3:$Y$13,1)):INDEX(Z$3:Z$13,MATCH($I43,$Y$3:$Y$13,1)+1),INDEX($Y$3:$Y$13,MATCH($I43,$Y$3:$Y$13,1)):INDEX($Y$3:$Y$13,MATCH($I43,$Y$3:$Y$13,1)+1)),0)) -> 167 | AA43: =IF(OR(C43="",NOT($H43="")),"",ROUND(_xlfn.FORECAST.LINEAR($I43,INDEX(AA$3:AA$13,MATCH($I43,$Y$3:$Y$13,1)):INDEX(AA$3:AA$13,MATCH($I43,$Y$3:$Y$13,1)+1),INDEX($Y$3:$Y$13,MATCH($I43,$Y$3:$Y$13,1)):INDEX($Y$3:$Y$13,MATCH($I43,$Y$3:$Y$13,1)+1)),0)) | AB43: =IF(OR(D43="",NOT($H43="")),"",ROUND(_xlfn.FORECAST.LINEAR($S43,INDEX(AB$3:AB$13,MATCH($S43,$Y$3:$Y$13,1)):INDEX(AB$3:AB$13,MATCH($S43,$Y$3:$Y$13,1)+1),INDEX($Y$3:$Y$13,MATCH($S43,$Y$3:$Y$13,1)):INDEX($Y$3:$Y$13,MATCH($S43,$Y$3:$Y$13,1)+1)),0)) -> 198 | AC43: =IF(OR(E43="",NOT($H43="")),"",ROUND(_xlfn.FORECAST.LINEAR($S43,INDEX(AC$3:AC$13,MATCH($S43,$Y$3:$Y$13,1)):INDEX(AC$3:AC$13,MATCH($S43,$Y$3:$Y$13,1)+1),INDEX($Y$3:$Y$13,MATCH($S43,$Y$3:$Y$13,1)):INDEX($Y$3:$Y$13,MATCH($S43,$Y$3:$Y$13,1)+1)),0)) -> 198 | AD43: =IF(OR(F43="",NOT($H43="")),"",ROUND(_xlfn.FORECAST.LINEAR($S43,INDEX(AD$3:AD$13,MATCH($S43,$Y$3:$Y$13,1)):INDEX(AD$3:AD$13,MATCH($S43,$Y$3:$Y$13,1)+1),INDEX($Y$3:$Y$13,MATCH($S43,$Y$3:$Y$13,1)):INDEX($Y$3:$Y$13,MATCH($S43,$Y$3:$Y$13,1)+1)),0)) | AE43: =IF(OR(G43="",NOT($H43="")),"",ROUND(_xlfn.FORECAST.LINEAR($S43,INDEX(AE$3:AE$13,MATCH($S43,$Y$3:$Y$13,1)):INDEX(AE$3:AE$13,MATCH($S43,$Y$3:$Y$13,1)+1),INDEX($Y$3:$Y$13,MATCH($S43,$Y$3:$Y$13,1)):INDEX($Y$3:$Y$13,MATCH($S43,$Y$3:$Y$13,1)+1)),0)) | AF43: =IF($H43="",SUM(Z43:AE43),"") -> 563 | AG43: =IF(AND($AF43=$AF$17,B43=1),B$9,"") | AH43: =IF(AND($AF43=$AF$17,C43=1),C$9,"") | AI43: =IF(AND($AF43=$AF$17,D43=1),D$9,"") | AJ43: =IF(AND($AF43=$AF$17,E43=1),E$9,"") | AK43: =IF(AND($AF43=$AF$17,F43=1),F$9,"") | AL43: =IF(AND($AF43=$AF$17,G43=1),G$9,"") | AM43: =(Z43*L43)/1000+(AB43*R43/2)/1000+(AC43*R43/2)/1000 -> 2744.9289 | AN43: =AM43*3.206 -> 8800.242
B44: 1 | D44: 1 | F44: 1 | H44: =IF($R$8>$J44,"Insufficient pwr",IF(OR(($M44-$T44-$V44)>0,$X44<$Q$5),"Insufficient PTI",IF(OR(($M44+$U44+$W44)<0,$Y44<$Q$5),"Insufficient PTO",IF(($P44-$R44)<0,"Insufficient AUX","")))) | I44: =$R$8/$J44 -> 0.49086711 | J44: =B44*B$10+D44*D$10+E44*E$10+F44*F$10+G44*G$10+C44*C$10 -> 32000 | K44: =IF($B44,$B$10)+IF($C44,$C$10) -> 24000 | L44: =(IF($B44,$B$10)+IF($C44,$C$10))*$I44 -> 11780.811 | M44: =$O$5-$L44 -> -317.81063 | N44: =IF(AND($B44="",$M44>0),MIN($M44,$B$11),0) -> 0 | O44: =IF($M44<0,0,$M44+$Q44-$N44-$V44) -> 0 | P44: =IF($D44,$D$10)+IF($E44,$E$10)+IF($F44,$F$10)+IF($G44,$G$10) -> 8000 | Q44: =IF($M44<0,0,$M44*$I$4) -> 0 | R44: =(IF($D44,$D$10)+IF($E44,$E$10)+IF($F44,$F$10)+IF($G44,$G$10))*$I44+$Q44 -> 3926.9369 | S44: =IF($P44=0,0,$R44/$P44) -> 0.49086711 | T44: =IF($M44<0,0,MIN(($N44+$O44),$B$11)) -> 0 | U44: =IF(AND($B44=1,$M44<0),MIN(ABS($M44),$B$13),0) -> 317.81063 | V44: =IF($M44<0,0,MIN(($M44-$N44),$C$11)) -> 0 | W44: =IF(AND($C44=1,$M44<0),MIN((ABS($M44)-$U44),$C$13),0) -> 0 | X44: =IF(IF(U44>0,0,$B$11-T44)+IF(W44>0,0,$C$11-V44)>$Q$5,$Q$5,IF(U44>0,0,$B$11-T44)+IF(W44>0,0,$C$11-V44)) -> -200.6025 | Y44: =IF(IF(T44>0,0,$B$11-U44)+IF(V44>0,0,$C$11-W44)>$Q$5,$Q$5,IF(T44>0,0,$B$11-U44)+IF(V44>0,0,$C$11-W44)) -> -200.6025 | Z44: =IF(OR(B44="",NOT($H44="")),"",ROUND(_xlfn.FORECAST.LINEAR($I44,INDEX(Z$3:Z$13,MATCH($I44,$Y$3:$Y$13,1)):INDEX(Z$3:Z$13,MATCH($I44,$Y$3:$Y$13,1)+1),INDEX($Y$3:$Y$13,MATCH($I44,$Y$3:$Y$13,1)):INDEX($Y$3:$Y$13,MATCH($I44,$Y$3:$Y$13,1)+1)),0)) -> 167 | AA44: =IF(OR(C44="",NOT($H44="")),"",ROUND(_xlfn.FORECAST.LINEAR($I44,INDEX(AA$3:AA$13,MATCH($I44,$Y$3:$Y$13,1)):INDEX(AA$3:AA$13,MATCH($I44,$Y$3:$Y$13,1)+1),INDEX($Y$3:$Y$13,MATCH($I44,$Y$3:$Y$13,1)):INDEX($Y$3:$Y$13,MATCH($I44,$Y$3:$Y$13,1)+1)),0)) | AB44: =IF(OR(D44="",NOT($H44="")),"",ROUND(_xlfn.FORECAST.LINEAR($S44,INDEX(AB$3:AB$13,MATCH($S44,$Y$3:$Y$13,1)):INDEX(AB$3:AB$13,MATCH($S44,$Y$3:$Y$13,1)+1),INDEX($Y$3:$Y$13,MATCH($S44,$Y$3:$Y$13,1)):INDEX($Y$3:$Y$13,MATCH($S44,$Y$3:$Y$13,1)+1)),0)) -> 198 | AC44: =IF(OR(E44="",NOT($H44="")),"",ROUND(_xlfn.FORECAST.LINEAR($S44,INDEX(AC$3:AC$13,MATCH($S44,$Y$3:$Y$13,1)):INDEX(AC$3:AC$13,MATCH($S44,$Y$3:$Y$13,1)+1),INDEX($Y$3:$Y$13,MATCH($S44,$Y$3:$Y$13,1)):INDEX($Y$3:$Y$13,MATCH($S44,$Y$3:$Y$13,1)+1)),0)) | AD44: =IF(OR(F44="",NOT($H44="")),"",ROUND(_xlfn.FORECAST.LINEAR($S44,INDEX(AD$3:AD$13,MATCH($S44,$Y$3:$Y$13,1)):INDEX(AD$3:AD$13,MATCH($S44,$Y$3:$Y$13,1)+1),INDEX($Y$3:$Y$13,MATCH($S44,$Y$3:$Y$13,1)):INDEX($Y$3:$Y$13,MATCH($S44,$Y$3:$Y$13,1)+1)),0)) -> 190 | AE44: =IF(OR(G44="",NOT($H44="")),"",ROUND(_xlfn.FORECAST.LINEAR($S44,INDEX(AE$3:AE$13,MATCH($S44,$Y$3:$Y$13,1)):INDEX(AE$3:AE$13,MATCH($S44,$Y$3:$Y$13,1)+1),INDEX($Y$3:$Y$13,MATCH($S44,$Y$3:$Y$13,1)):INDEX($Y$3:$Y$13,MATCH($S44,$Y$3:$Y$13,1)+1)),0)) | AF44: =IF($H44="",SUM(Z44:AE44),"") -> 555 | AG44: =IF(AND($AF44=$AF$17,B44=1),B$9,"") | AH44: =IF(AND($AF44=$AF$17,C44=1),C$9,"") | AI44: =IF(AND($AF44=$AF$17,D44=1),D$9,"") | AJ44: =IF(AND($AF44=$AF$17,E44=1),E$9,"") | AK44: =IF(AND($AF44=$AF$17,F44=1),F$9,"") | AL44: =IF(AND($AF44=$AF$17,G44=1),G$9,"")
B45: 1 | D45: 1 | G45: 1 | H45: =IF($R$8>$J45,"Insufficient pwr",IF(OR(($M45-$T45-$V45)>0,$X45<$Q$5),"Insufficient PTI",IF(OR(($M45+$U45+$W45)<0,$Y45<$Q$5),"Insufficient PTO",IF(($P45-$R45)<0,"Insufficient AUX","")))) | I45: =$R$8/$J45 -> 0.49086711 | J45: =B45*B$10+D45*D$10+E45*E$10+F45*F$10+G45*G$10+C45*C$10 -> 32000 | K45: =IF($B45,$B$10)+IF($C45,$C$10) -> 24000 | L45: =(IF($B45,$B$10)+IF($C45,$C$10))*$I45 -> 11780.811 | M45: =$O$5-$L45 -> -317.81063 | N45: =IF(AND($B45="",$M45>0),MIN($M45,$B$11),0) -> 0 | O45: =IF($M45<0,0,$M45+$Q45-$N45-$V45) -> 0 | P45: =IF($D45,$D$10)+IF($E45,$E$10)+IF($F45,$F$10)+IF($G45,$G$10) -> 8000 | Q45: =IF($M45<0,0,$M45*$I$4) -> 0 | R45: =(IF($D45,$D$10)+IF($E45,$E$10)+IF($F45,$F$10)+IF($G45,$G$10))*$I45+$Q45 -> 3926.9369 | S45: =IF($P45=0,0,$R45/$P45) -> 0.49086711 | T45: =IF($M45<0,0,MIN(($N45+$O45),$B$11)) -> 0 | U45: =IF(AND($B45=1,$M45<0),MIN(ABS($M45),$B$13),0) -> 317.81063 | V45: =IF($M45<0,0,MIN(($M45-$N45),$C$11)) -> 0 | W45: =IF(AND($C45=1,$M45<0),MIN((ABS($M45)-$U45),$C$13),0) -> 0 | X45: =IF(IF(U45>0,0,$B$11-T45)+IF(W45>0,0,$C$11-V45)>$Q$5,$Q$5,IF(U45>0,0,$B$11-T45)+IF(W45>0,0,$C$11-V45)) -> -200.6025 | Y45: =IF(IF(T45>0,0,$B$11-U45)+IF(V45>0,0,$C$11-W45)>$Q$5,$Q$5,IF(T45>0,0,$B$11-U45)+IF(V45>0,0,$C$11-W45)) -> -200.6025 | Z45: =IF(OR(B45="",NOT($H45="")),"",ROUND(_xlfn.FORECAST.LINEAR($I45,INDEX(Z$3:Z$13,MATCH($I45,$Y$3:$Y$13,1)):INDEX(Z$3:Z$13,MATCH($I45,$Y$3:$Y$13,1)+1),INDEX($Y$3:$Y$13,MATCH($I45,$Y$3:$Y$13,1)):INDEX($Y$3:$Y$13,MATCH($I45,$Y$3:$Y$13,1)+1)),0)) -> 167 | AA45: =IF(OR(C45="",NOT($H45="")),"",ROUND(_xlfn.FORECAST.LINEAR($I45,INDEX(AA$3:AA$13,MATCH($I45,$Y$3:$Y$13,1)):INDEX(AA$3:AA$13,MATCH($I45,$Y$3:$Y$13,1)+1),INDEX($Y$3:$Y$13,MATCH($I45,$Y$3:$Y$13,1)):INDEX($Y$3:$Y$13,MATCH($I45,$Y$3:$Y$13,1)+1)),0)) | AB45: =IF(OR(D45="",NOT($H45="")),"",ROUND(_xlfn.FORECAST.LINEAR($S45,INDEX(AB$3:AB$13,MATCH($S45,$Y$3:$Y$13,1)):INDEX(AB$3:AB$13,MATCH($S45,$Y$3:$Y$13,1)+1),INDEX($Y$3:$Y$13,MATCH($S45,$Y$3:$Y$13,1)):INDEX($Y$3:$Y$13,MATCH($S45,$Y$3:$Y$13,1)+1)),0)) -> 198 | AC45: =IF(OR(E45="",NOT($H45="")),"",ROUND(_xlfn.FORECAST.LINEAR($S45,INDEX(AC$3:AC$13,MATCH($S45,$Y$3:$Y$13,1)):INDEX(AC$3:AC$13,MATCH($S45,$Y$3:$Y$13,1)+1),INDEX($Y$3:$Y$13,MATCH($S45,$Y$3:$Y$13,1)):INDEX($Y$3:$Y$13,MATCH($S45,$Y$3:$Y$13,1)+1)),0)) | AD45: =IF(OR(F45="",NOT($H45="")),"",ROUND(_xlfn.FORECAST.LINEAR($S45,INDEX(AD$3:AD$13,MATCH($S45,$Y$3:$Y$13,1)):INDEX(AD$3:AD$13,MATCH($S45,$Y$3:$Y$13,1)+1),INDEX($Y$3:$Y$13,MATCH($S45,$Y$3:$Y$13,1)):INDEX($Y$3:$Y$13,MATCH($S45,$Y$3:$Y$13,1)+1)),0)) | AE45: =IF(OR(G45="",NOT($H45="")),"",ROUND(_xlfn.FORECAST.LINEAR($S45,INDEX(AE$3:AE$13,MATCH($S45,$Y$3:$Y$13,1)):INDEX(AE$3:AE$13,MATCH($S45,$Y$3:$Y$13,1)+1),INDEX($Y$3:$Y$13,MATCH($S45,$Y$3:$Y$13,1)):INDEX($Y$3:$Y$13,MATCH($S45,$Y$3:$Y$13,1)+1)),0)) -> 218 | AF45: =IF($H45="",SUM(Z45:AE45),"") -> 583 | AG45: =IF(AND($AF45=$AF$17,B45=1),B$9,"") | AH45: =IF(AND($AF45=$AF$17,C45=1),C$9,"") | AI45: =IF(AND($AF45=$AF$17,D45=1),D$9,"") | AJ45: =IF(AND($AF45=$AF$17,E45=1),E$9,"") | AK45: =IF(AND($AF45=$AF$17,F45=1),F$9,"") | AL45: =IF(AND($AF45=$AF$17,G45=1),G$9,"")
B46: 1 | E46: 1 | F46: 1 | H46: =IF($R$8>$J46,"Insufficient pwr",IF(OR(($M46-$T46-$V46)>0,$X46<$Q$5),"Insufficient PTI",IF(OR(($M46+$U46+$W46)<0,$Y46<$Q$5),"Insufficient PTO",IF(($P46-$R46)<0,"Insufficient AUX","")))) | I46: =$R$8/$J46 -> 0.49086711 | J46: =B46*B$10+D46*D$10+E46*E$10+F46*F$10+G46*G$10+C46*C$10 -> 32000 | K46: =IF($B46,$B$10)+IF($C46,$C$10) -> 24000 | L46: =(IF($B46,$B$10)+IF($C46,$C$10))*$I46 -> 11780.811 | M46: =$O$5-$L46 -> -317.81063 | N46: =IF(AND($B46="",$M46>0),MIN($M46,$B$11),0) -> 0 | O46: =IF($M46<0,0,$M46+$Q46-$N46-$V46) -> 0 | P46: =IF($D46,$D$10)+IF($E46,$E$10)+IF($F46,$F$10)+IF($G46,$G$10) -> 8000 | Q46: =IF($M46<0,0,$M46*$I$4) -> 0 | R46: =(IF($D46,$D$10)+IF($E46,$E$10)+IF($F46,$F$10)+IF($G46,$G$10))*$I46+$Q46 -> 3926.9369 | S46: =IF($P46=0,0,$R46/$P46) -> 0.49086711 | T46: =IF($M46<0,0,MIN(($N46+$O46),$B$11)) -> 0 | U46: =IF(AND($B46=1,$M46<0),MIN(ABS($M46),$B$13),0) -> 317.81063 | V46: =IF($M46<0,0,MIN(($M46-$N46),$C$11)) -> 0 | W46: =IF(AND($C46=1,$M46<0),MIN((ABS($M46)-$U46),$C$13),0) -> 0 | X46: =IF(IF(U46>0,0,$B$11-T46)+IF(W46>0,0,$C$11-V46)>$Q$5,$Q$5,IF(U46>0,0,$B$11-T46)+IF(W46>0,0,$C$11-V46)) -> -200.6025 | Y46: =IF(IF(T46>0,0,$B$11-U46)+IF(V46>0,0,$C$11-W46)>$Q$5,$Q$5,IF(T46>0,0,$B$11-U46)+IF(V46>0,0,$C$11-W46)) -> -200.6025 | Z46: =IF(OR(B46="",NOT($H46="")),"",ROUND(_xlfn.FORECAST.LINEAR($I46,INDEX(Z$3:Z$13,MATCH($I46,$Y$3:$Y$13,1)):INDEX(Z$3:Z$13,MATCH($I46,$Y$3:$Y$13,1)+1),INDEX($Y$3:$Y$13,MATCH($I46,$Y$3:$Y$13,1)):INDEX($Y$3:$Y$13,MATCH($I46,$Y$3:$Y$13,1)+1)),0)) -> 167 | AA46: =IF(OR(C46="",NOT($H46="")),"",ROUND(_xlfn.FORECAST.LINEAR($I46,INDEX(AA$3:AA$13,MATCH($I46,$Y$3:$Y$13,1)):INDEX(AA$3:AA$13,MATCH($I46,$Y$3:$Y$13,1)+1),INDEX($Y$3:$Y$13,MATCH($I46,$Y$3:$Y$13,1)):INDEX($Y$3:$Y$13,MATCH($I46,$Y$3:$Y$13,1)+1)),0)) | AB46: =IF(OR(D46="",NOT($H46="")),"",ROUND(_xlfn.FORECAST.LINEAR($S46,INDEX(AB$3:AB$13,MATCH($S46,$Y$3:$Y$13,1)):INDEX(AB$3:AB$13,MATCH($S46,$Y$3:$Y$13,1)+1),INDEX($Y$3:$Y$13,MATCH($S46,$Y$3:$Y$13,1)):INDEX($Y$3:$Y$13,MATCH($S46,$Y$3:$Y$13,1)+1)),0)) | AC46: =IF(OR(E46="",NOT($H46="")),"",ROUND(_xlfn.FORECAST.LINEAR($S46,INDEX(AC$3:AC$13,MATCH($S46,$Y$3:$Y$13,1)):INDEX(AC$3:AC$13,MATCH($S46,$Y$3:$Y$13,1)+1),INDEX($Y$3:$Y$13,MATCH($S46,$Y$3:$Y$13,1)):INDEX($Y$3:$Y$13,MATCH($S46,$Y$3:$Y$13,1)+1)),0)) -> 198 | AD46: =IF(OR(F46="",NOT($H46="")),"",ROUND(_xlfn.FORECAST.LINEAR($S46,INDEX(AD$3:AD$13,MATCH($S46,$Y$3:$Y$13,1)):INDEX(AD$3:AD$13,MATCH($S46,$Y$3:$Y$13,1)+1),INDEX($Y$3:$Y$13,MATCH($S46,$Y$3:$Y$13,1)):INDEX($Y$3:$Y$13,MATCH($S46,$Y$3:$Y$13,1)+1)),0)) -> 190 | AE46: =IF(OR(G46="",NOT($H46="")),"",ROUND(_xlfn.FORECAST.LINEAR($S46,INDEX(AE$3:AE$13,MATCH($S46,$Y$3:$Y$13,1)):INDEX(AE$3:AE$13,MATCH($S46,$Y$3:$Y$13,1)+1),INDEX($Y$3:$Y$13,MATCH($S46,$Y$3:$Y$13,1)):INDEX($Y$3:$Y$13,MATCH($S46,$Y$3:$Y$13,1)+1)),0)) | AF46: =IF($H46="",SUM(Z46:AE46),"") -> 555 | AG46: =IF(AND($AF46=$AF$17,B46=1),B$9,"") | AH46: =IF(AND($AF46=$AF$17,C46=1),C$9,"") | AI46: =IF(AND($AF46=$AF$17,D46=1),D$9,"") | AJ46: =IF(AND($AF46=$AF$17,E46=1),E$9,"") | AK46: =IF(AND($AF46=$AF$17,F46=1),F$9,"") | AL46: =IF(AND($AF46=$AF$17,G46=1),G$9,"")
B47: 1 | E47: 1 | G47: 1 | H47: =IF($R$8>$J47,"Insufficient pwr",IF(OR(($M47-$T47-$V47)>0,$X47<$Q$5),"Insufficient PTI",IF(OR(($M47+$U47+$W47)<0,$Y47<$Q$5),"Insufficient PTO",IF(($P47-$R47)<0,"Insufficient AUX","")))) | I47: =$R$8/$J47 -> 0.49086711 | J47: =B47*B$10+D47*D$10+E47*E$10+F47*F$10+G47*G$10+C47*C$10 -> 32000 | K47: =IF($B47,$B$10)+IF($C47,$C$10) -> 24000 | L47: =(IF($B47,$B$10)+IF($C47,$C$10))*$I47 -> 11780.811 | M47: =$O$5-$L47 -> -317.81063 | N47: =IF(AND($B47="",$M47>0),MIN($M47,$B$11),0) -> 0 | O47: =IF($M47<0,0,$M47+$Q47-$N47-$V47) -> 0 | P47: =IF($D47,$D$10)+IF($E47,$E$10)+IF($F47,$F$10)+IF($G47,$G$10) -> 8000 | Q47: =IF($M47<0,0,$M47*$I$4) -> 0 | R47: =(IF($D47,$D$10)+IF($E47,$E$10)+IF($F47,$F$10)+IF($G47,$G$10))*$I47+$Q47 -> 3926.9369 | S47: =IF($P47=0,0,$R47/$P47) -> 0.49086711 | T47: =IF($M47<0,0,MIN(($N47+$O47),$B$11)) -> 0 | U47: =IF(AND($B47=1,$M47<0),MIN(ABS($M47),$B$13),0) -> 317.81063 | V47: =IF($M47<0,0,MIN(($M47-$N47),$C$11)) -> 0 | W47: =IF(AND($C47=1,$M47<0),MIN((ABS($M47)-$U47),$C$13),0) -> 0 | X47: =IF(IF(U47>0,0,$B$11-T47)+IF(W47>0,0,$C$11-V47)>$Q$5,$Q$5,IF(U47>0,0,$B$11-T47)+IF(W47>0,0,$C$11-V47)) -> -200.6025 | Y47: =IF(IF(T47>0,0,$B$11-U47)+IF(V47>0,0,$C$11-W47)>$Q$5,$Q$5,IF(T47>0,0,$B$11-U47)+IF(V47>0,0,$C$11-W47)) -> -200.6025 | Z47: =IF(OR(B47="",NOT($H47="")),"",ROUND(_xlfn.FORECAST.LINEAR($I47,INDEX(Z$3:Z$13,MATCH($I47,$Y$3:$Y$13,1)):INDEX(Z$3:Z$13,MATCH($I47,$Y$3:$Y$13,1)+1),INDEX($Y$3:$Y$13,MATCH($I47,$Y$3:$Y$13,1)):INDEX($Y$3:$Y$13,MATCH($I47,$Y$3:$Y$13,1)+1)),0)) -> 167 | AA47: =IF(OR(C47="",NOT($H47="")),"",ROUND(_xlfn.FORECAST.LINEAR($I47,INDEX(AA$3:AA$13,MATCH($I47,$Y$3:$Y$13,1)):INDEX(AA$3:AA$13,MATCH($I47,$Y$3:$Y$13,1)+1),INDEX($Y$3:$Y$13,MATCH($I47,$Y$3:$Y$13,1)):INDEX($Y$3:$Y$13,MATCH($I47,$Y$3:$Y$13,1)+1)),0)) | AB47: =IF(OR(D47="",NOT($H47="")),"",ROUND(_xlfn.FORECAST.LINEAR($S47,INDEX(AB$3:AB$13,MATCH($S47,$Y$3:$Y$13,1)):INDEX(AB$3:AB$13,MATCH($S47,$Y$3:$Y$13,1)+1),INDEX($Y$3:$Y$13,MATCH($S47,$Y$3:$Y$13,1)):INDEX($Y$3:$Y$13,MATCH($S47,$Y$3:$Y$13,1)+1)),0)) | AC47: =IF(OR(E47="",NOT($H47="")),"",ROUND(_xlfn.FORECAST.LINEAR($S47,INDEX(AC$3:AC$13,MATCH($S47,$Y$3:$Y$13,1)):INDEX(AC$3:AC$13,MATCH($S47,$Y$3:$Y$13,1)+1),INDEX($Y$3:$Y$13,MATCH($S47,$Y$3:$Y$13,1)):INDEX($Y$3:$Y$13,MATCH($S47,$Y$3:$Y$13,1)+1)),0)) -> 198 | AD47: =IF(OR(F47="",NOT($H47="")),"",ROUND(_xlfn.FORECAST.LINEAR($S47,INDEX(AD$3:AD$13,MATCH($S47,$Y$3:$Y$13,1)):INDEX(AD$3:AD$13,MATCH($S47,$Y$3:$Y$13,1)+1),INDEX($Y$3:$Y$13,MATCH($S47,$Y$3:$Y$13,1)):INDEX($Y$3:$Y$13,MATCH($S47,$Y$3:$Y$13,1)+1)),0)) | AE47: =IF(OR(G47="",NOT($H47="")),"",ROUND(_xlfn.FORECAST.LINEAR($S47,INDEX(AE$3:AE$13,MATCH($S47,$Y$3:$Y$13,1)):INDEX(AE$3:AE$13,MATCH($S47,$Y$3:$Y$13,1)+1),INDEX($Y$3:$Y$13,MATCH($S47,$Y$3:$Y$13,1)):INDEX($Y$3:$Y$13,MATCH($S47,$Y$3:$Y$13,1)+1)),0)) -> 218 | AF47: =IF($H47="",SUM(Z47:AE47),"") -> 583 | AG47: =IF(AND($AF47=$AF$17,B47=1),B$9,"") | AH47: =IF(AND($AF47=$AF$17,C47=1),C$9,"") | AI47: =IF(AND($AF47=$AF$17,D47=1),D$9,"") | AJ47: =IF(AND($AF47=$AF$17,E47=1),E$9,"") | AK47: =IF(AND($AF47=$AF$17,F47=1),F$9,"") | AL47: =IF(AND($AF47=$AF$17,G47=1),G$9,"") | AM47: =(Z47*L47)/1000+(AE47*R47/2)/1000+(AC47*R47/2)/1000 -> 2784.1982 | AN47: =AM47*3.206 -> 8926.1396
B48: 1 | F48: 1 | G48: 1 | H48: =IF($R$8>$J48,"Insufficient pwr",IF(OR(($M48-$T48-$V48)>0,$X48<$Q$5),"Insufficient PTI",IF(OR(($M48+$U48+$W48)<0,$Y48<$Q$5),"Insufficient PTO",IF(($P48-$R48)<0,"Insufficient AUX","")))) | I48: =$R$8/$J48 -> 0.49086711 | J48: =B48*B$10+D48*D$10+E48*E$10+F48*F$10+G48*G$10+C48*C$10 -> 32000 | K48: =IF($B48,$B$10)+IF($C48,$C$10) -> 24000 | L48: =(IF($B48,$B$10)+IF($C48,$C$10))*$I48 -> 11780.811 | M48: =$O$5-$L48 -> -317.81063 | N48: =IF(AND($B48="",$M48>0),MIN($M48,$B$11),0) -> 0 | O48: =IF($M48<0,0,$M48+$Q48-$N48-$V48) -> 0 | P48: =IF($D48,$D$10)+IF($E48,$E$10)+IF($F48,$F$10)+IF($G48,$G$10) -> 8000 | Q48: =IF($M48<0,0,$M48*$I$4) -> 0 | R48: =(IF($D48,$D$10)+IF($E48,$E$10)+IF($F48,$F$10)+IF($G48,$G$10))*$I48+$Q48 -> 3926.9369 | S48: =IF($P48=0,0,$R48/$P48) -> 0.49086711 | T48: =IF($M48<0,0,MIN(($N48+$O48),$B$11)) -> 0 | U48: =IF(AND($B48=1,$M48<0),MIN(ABS($M48),$B$13),0) -> 317.81063 | V48: =IF($M48<0,0,MIN(($M48-$N48),$C$11)) -> 0 | W48: =IF(AND($C48=1,$M48<0),MIN((ABS($M48)-$U48),$C$13),0) -> 0 | X48: =IF(IF(U48>0,0,$B$11-T48)+IF(W48>0,0,$C$11-V48)>$Q$5,$Q$5,IF(U48>0,0,$B$11-T48)+IF(W48>0,0,$C$11-V48)) -> -200.6025 | Y48: =IF(IF(T48>0,0,$B$11-U48)+IF(V48>0,0,$C$11-W48)>$Q$5,$Q$5,IF(T48>0,0,$B$11-U48)+IF(V48>0,0,$C$11-W48)) -> -200.6025 | Z48: =IF(OR(B48="",NOT($H48="")),"",ROUND(_xlfn.FORECAST.LINEAR($I48,INDEX(Z$3:Z$13,MATCH($I48,$Y$3:$Y$13,1)):INDEX(Z$3:Z$13,MATCH($I48,$Y$3:$Y$13,1)+1),INDEX($Y$3:$Y$13,MATCH($I48,$Y$3:$Y$13,1)):INDEX($Y$3:$Y$13,MATCH($I48,$Y$3:$Y$13,1)+1)),0)) -> 167 | AA48: =IF(OR(C48="",NOT($H48="")),"",ROUND(_xlfn.FORECAST.LINEAR($I48,INDEX(AA$3:AA$13,MATCH($I48,$Y$3:$Y$13,1)):INDEX(AA$3:AA$13,MATCH($I48,$Y$3:$Y$13,1)+1),INDEX($Y$3:$Y$13,MATCH($I48,$Y$3:$Y$13,1)):INDEX($Y$3:$Y$13,MATCH($I48,$Y$3:$Y$13,1)+1)),0)) | AB48: =IF(OR(D48="",NOT($H48="")),"",ROUND(_xlfn.FORECAST.LINEAR($S48,INDEX(AB$3:AB$13,MATCH($S48,$Y$3:$Y$13,1)):INDEX(AB$3:AB$13,MATCH($S48,$Y$3:$Y$13,1)+1),INDEX($Y$3:$Y$13,MATCH($S48,$Y$3:$Y$13,1)):INDEX($Y$3:$Y$13,MATCH($S48,$Y$3:$Y$13,1)+1)),0)) | AC48: =IF(OR(E48="",NOT($H48="")),"",ROUND(_xlfn.FORECAST.LINEAR($S48,INDEX(AC$3:AC$13,MATCH($S48,$Y$3:$Y$13,1)):INDEX(AC$3:AC$13,MATCH($S48,$Y$3:$Y$13,1)+1),INDEX($Y$3:$Y$13,MATCH($S48,$Y$3:$Y$13,1)):INDEX($Y$3:$Y$13,MATCH($S48,$Y$3:$Y$13,1)+1)),0)) | AD48: =IF(OR(F48="",NOT($H48="")),"",ROUND(_xlfn.FORECAST.LINEAR($S48,INDEX(AD$3:AD$13,MATCH($S48,$Y$3:$Y$13,1)):INDEX(AD$3:AD$13,MATCH($S48,$Y$3:$Y$13,1)+1),INDEX($Y$3:$Y$13,MATCH($S48,$Y$3:$Y$13,1)):INDEX($Y$3:$Y$13,MATCH($S48,$Y$3:$Y$13,1)+1)),0)) -> 190 | AE48: =IF(OR(G48="",NOT($H48="")),"",ROUND(_xlfn.FORECAST.LINEAR($S48,INDEX(AE$3:AE$13,MATCH($S48,$Y$3:$Y$13,1)):INDEX(AE$3:AE$13,MATCH($S48,$Y$3:$Y$13,1)+1),INDEX($Y$3:$Y$13,MATCH($S48,$Y$3:$Y$13,1)):INDEX($Y$3:$Y$13,MATCH($S48,$Y$3:$Y$13,1)+1)),0)) -> 218 | AF48: =IF($H48="",SUM(Z48:AE48),"") -> 575 | AG48: =IF(AND($AF48=$AF$17,B48=1),B$9,"") | AH48: =IF(AND($AF48=$AF$17,C48=1),C$9,"") | AI48: =IF(AND($AF48=$AF$17,D48=1),D$9,"") | AJ48: =IF(AND($AF48=$AF$17,E48=1),E$9,"") | AK48: =IF(AND($AF48=$AF$17,F48=1),F$9,"") | AL48: =IF(AND($AF48=$AF$17,G48=1),G$9,"")
C49: 1 | D49: 1 | E49: 1 | H49: =IF($R$8>$J49,"Insufficient pwr",IF(OR(($M49-$T49-$V49)>0,$X49<$Q$5),"Insufficient PTI",IF(OR(($M49+$U49+$W49)<0,$Y49<$Q$5),"Insufficient PTO",IF(($P49-$R49)<0,"Insufficient AUX","")))) | I49: =$R$8/$J49 -> 0.49086711 | J49: =B49*B$10+D49*D$10+E49*E$10+F49*F$10+G49*G$10+C49*C$10 -> 32000 | K49: =IF($B49,$B$10)+IF($C49,$C$10) -> 24000 | L49: =(IF($B49,$B$10)+IF($C49,$C$10))*$I49 -> 11780.811 | M49: =$O$5-$L49 -> -317.81063 | N49: =IF(AND($B49="",$M49>0),MIN($M49,$B$11),0) -> 0 | O49: =IF($M49<0,0,$M49+$Q49-$N49-$V49) -> 0 | P49: =IF($D49,$D$10)+IF($E49,$E$10)+IF($F49,$F$10)+IF($G49,$G$10) -> 8000 | Q49: =IF($M49<0,0,$M49*$I$4) -> 0 | R49: =(IF($D49,$D$10)+IF($E49,$E$10)+IF($F49,$F$10)+IF($G49,$G$10))*$I49+$Q49 -> 3926.9369 | S49: =IF($P49=0,0,$R49/$P49) -> 0.49086711 | T49: =IF($M49<0,0,MIN(($N49+$O49),$B$11)) -> 0 | U49: =IF(AND($B49=1,$M49<0),MIN(ABS($M49),$B$13),0) -> 0 | V49: =IF($M49<0,0,MIN(($M49-$N49),$C$11)) -> 0 | W49: =IF(AND($C49=1,$M49<0),MIN((ABS($M49)-$U49),$C$13),0) -> 317.81063 | X49: =IF(IF(U49>0,0,$B$11-T49)+IF(W49>0,0,$C$11-V49)>$Q$5,$Q$5,IF(U49>0,0,$B$11-T49)+IF(W49>0,0,$C$11-V49)) -> -200.6025 | Y49: =IF(IF(T49>0,0,$B$11-U49)+IF(V49>0,0,$C$11-W49)>$Q$5,$Q$5,IF(T49>0,0,$B$11-U49)+IF(V49>0,0,$C$11-W49)) -> -200.6025 | Z49: =IF(OR(B49="",NOT($H49="")),"",ROUND(_xlfn.FORECAST.LINEAR($I49,INDEX(Z$3:Z$13,MATCH($I49,$Y$3:$Y$13,1)):INDEX(Z$3:Z$13,MATCH($I49,$Y$3:$Y$13,1)+1),INDEX($Y$3:$Y$13,MATCH($I49,$Y$3:$Y$13,1)):INDEX($Y$3:$Y$13,MATCH($I49,$Y$3:$Y$13,1)+1)),0)) | AA49: =IF(OR(C49="",NOT($H49="")),"",ROUND(_xlfn.FORECAST.LINEAR($I49,INDEX(AA$3:AA$13,MATCH($I49,$Y$3:$Y$13,1)):INDEX(AA$3:AA$13,MATCH($I49,$Y$3:$Y$13,1)+1),INDEX($Y$3:$Y$13,MATCH($I49,$Y$3:$Y$13,1)):INDEX($Y$3:$Y$13,MATCH($I49,$Y$3:$Y$13,1)+1)),0)) -> 167 | AB49: =IF(OR(D49="",NOT($H49="")),"",ROUND(_xlfn.FORECAST.LINEAR($S49,INDEX(AB$3:AB$13,MATCH($S49,$Y$3:$Y$13,1)):INDEX(AB$3:AB$13,MATCH($S49,$Y$3:$Y$13,1)+1),INDEX($Y$3:$Y$13,MATCH($S49,$Y$3:$Y$13,1)):INDEX($Y$3:$Y$13,MATCH($S49,$Y$3:$Y$13,1)+1)),0)) -> 198 | AC49: =IF(OR(E49="",NOT($H49="")),"",ROUND(_xlfn.FORECAST.LINEAR($S49,INDEX(AC$3:AC$13,MATCH($S49,$Y$3:$Y$13,1)):INDEX(AC$3:AC$13,MATCH($S49,$Y$3:$Y$13,1)+1),INDEX($Y$3:$Y$13,MATCH($S49,$Y$3:$Y$13,1)):INDEX($Y$3:$Y$13,MATCH($S49,$Y$3:$Y$13,1)+1)),0)) -> 198 | AD49: =IF(OR(F49="",NOT($H49="")),"",ROUND(_xlfn.FORECAST.LINEAR($S49,INDEX(AD$3:AD$13,MATCH($S49,$Y$3:$Y$13,1)):INDEX(AD$3:AD$13,MATCH($S49,$Y$3:$Y$13,1)+1),INDEX($Y$3:$Y$13,MATCH($S49,$Y$3:$Y$13,1)):INDEX($Y$3:$Y$13,MATCH($S49,$Y$3:$Y$13,1)+1)),0)) | AE49: =IF(OR(G49="",NOT($H49="")),"",ROUND(_xlfn.FORECAST.LINEAR($S49,INDEX(AE$3:AE$13,MATCH($S49,$Y$3:$Y$13,1)):INDEX(AE$3:AE$13,MATCH($S49,$Y$3:$Y$13,1)+1),INDEX($Y$3:$Y$13,MATCH($S49,$Y$3:$Y$13,1)):INDEX($Y$3:$Y$13,MATCH($S49,$Y$3:$Y$13,1)+1)),0)) | AF49: =IF($H49="",SUM(Z49:AE49),"") -> 563 | AG49: =IF(AND($AF49=$AF$17,B49=1),B$9,"") | AH49: =IF(AND($AF49=$AF$17,C49=1),C$9,"") | AI49: =IF(AND($AF49=$AF$17,D49=1),D$9,"") | AJ49: =IF(AND($AF49=$AF$17,E49=1),E$9,"") | AK49: =IF(AND($AF49=$AF$17,F49=1),F$9,"") | AL49: =IF(AND($AF49=$AF$17,G49=1),G$9,"")
C50: 1 | D50: 1 | F50: 1 | H50: =IF($R$8>$J50,"Insufficient pwr",IF(OR(($M50-$T50-$V50)>0,$X50<$Q$5),"Insufficient PTI",IF(OR(($M50+$U50+$W50)<0,$Y50<$Q$5),"Insufficient PTO",IF(($P50-$R50)<0,"Insufficient AUX","")))) | I50: =$R$8/$J50 -> 0.49086711 | J50: =B50*B$10+D50*D$10+E50*E$10+F50*F$10+G50*G$10+C50*C$10 -> 32000 | K50: =IF($B50,$B$10)+IF($C50,$C$10) -> 24000 | L50: =(IF($B50,$B$10)+IF($C50,$C$10))*$I50 -> 11780.811 | M50: =$O$5-$L50 -> -317.81063 | N50: =IF(AND($B50="",$M50>0),MIN($M50,$B$11),0) -> 0 | O50: =IF($M50<0,0,$M50+$Q50-$N50-$V50) -> 0 | P50: =IF($D50,$D$10)+IF($E50,$E$10)+IF($F50,$F$10)+IF($G50,$G$10) -> 8000 | Q50: =IF($M50<0,0,$M50*$I$4) -> 0 | R50: =(IF($D50,$D$10)+IF($E50,$E$10)+IF($F50,$F$10)+IF($G50,$G$10))*$I50+$Q50 -> 3926.9369 | S50: =IF($P50=0,0,$R50/$P50) -> 0.49086711 | T50: =IF($M50<0,0,MIN(($N50+$O50),$B$11)) -> 0 | U50: =IF(AND($B50=1,$M50<0),MIN(ABS($M50),$B$13),0) -> 0 | V50: =IF($M50<0,0,MIN(($M50-$N50),$C$11)) -> 0 | W50: =IF(AND($C50=1,$M50<0),MIN((ABS($M50)-$U50),$C$13),0) -> 317.81063 | X50: =IF(IF(U50>0,0,$B$11-T50)+IF(W50>0,0,$C$11-V50)>$Q$5,$Q$5,IF(U50>0,0,$B$11-T50)+IF(W50>0,0,$C$11-V50)) -> -200.6025 | Y50: =IF(IF(T50>0,0,$B$11-U50)+IF(V50>0,0,$C$11-W50)>$Q$5,$Q$5,IF(T50>0,0,$B$11-U50)+IF(V50>0,0,$C$11-W50)) -> -200.6025 | Z50: =IF(OR(B50="",NOT($H50="")),"",ROUND(_xlfn.FORECAST.LINEAR($I50,INDEX(Z$3:Z$13,MATCH($I50,$Y$3:$Y$13,1)):INDEX(Z$3:Z$13,MATCH($I50,$Y$3:$Y$13,1)+1),INDEX($Y$3:$Y$13,MATCH($I50,$Y$3:$Y$13,1)):INDEX($Y$3:$Y$13,MATCH($I50,$Y$3:$Y$13,1)+1)),0)) | AA50: =IF(OR(C50="",NOT($H50="")),"",ROUND(_xlfn.FORECAST.LINEAR($I50,INDEX(AA$3:AA$13,MATCH($I50,$Y$3:$Y$13,1)):INDEX(AA$3:AA$13,MATCH($I50,$Y$3:$Y$13,1)+1),INDEX($Y$3:$Y$13,MATCH($I50,$Y$3:$Y$13,1)):INDEX($Y$3:$Y$13,MATCH($I50,$Y$3:$Y$13,1)+1)),0)) -> 167 | AB50: =IF(OR(D50="",NOT($H50="")),"",ROUND(_xlfn.FORECAST.LINEAR($S50,INDEX(AB$3:AB$13,MATCH($S50,$Y$3:$Y$13,1)):INDEX(AB$3:AB$13,MATCH($S50,$Y$3:$Y$13,1)+1),INDEX($Y$3:$Y$13,MATCH($S50,$Y$3:$Y$13,1)):INDEX($Y$3:$Y$13,MATCH($S50,$Y$3:$Y$13,1)+1)),0)) -> 198 | AC50: =IF(OR(E50="",NOT($H50="")),"",ROUND(_xlfn.FORECAST.LINEAR($S50,INDEX(AC$3:AC$13,MATCH($S50,$Y$3:$Y$13,1)):INDEX(AC$3:AC$13,MATCH($S50,$Y$3:$Y$13,1)+1),INDEX($Y$3:$Y$13,MATCH($S50,$Y$3:$Y$13,1)):INDEX($Y$3:$Y$13,MATCH($S50,$Y$3:$Y$13,1)+1)),0)) | AD50: =IF(OR(F50="",NOT($H50="")),"",ROUND(_xlfn.FORECAST.LINEAR($S50,INDEX(AD$3:AD$13,MATCH($S50,$Y$3:$Y$13,1)):INDEX(AD$3:AD$13,MATCH($S50,$Y$3:$Y$13,1)+1),INDEX($Y$3:$Y$13,MATCH($S50,$Y$3:$Y$13,1)):INDEX($Y$3:$Y$13,MATCH($S50,$Y$3:$Y$13,1)+1)),0)) -> 190 | AE50: =IF(OR(G50="",NOT($H50="")),"",ROUND(_xlfn.FORECAST.LINEAR($S50,INDEX(AE$3:AE$13,MATCH($S50,$Y$3:$Y$13,1)):INDEX(AE$3:AE$13,MATCH($S50,$Y$3:$Y$13,1)+1),INDEX($Y$3:$Y$13,MATCH($S50,$Y$3:$Y$13,1)):INDEX($Y$3:$Y$13,MATCH($S50,$Y$3:$Y$13,1)+1)),0)) | AF50: =IF($H50="",SUM(Z50:AE50),"") -> 555 | AG50: =IF(AND($AF50=$AF$17,B50=1),B$9,"") | AH50: =IF(AND($AF50=$AF$17,C50=1),C$9,"") | AI50: =IF(AND($AF50=$AF$17,D50=1),D$9,"") | AJ50: =IF(AND($AF50=$AF$17,E50=1),E$9,"") | AK50: =IF(AND($AF50=$AF$17,F50=1),F$9,"") | AL50: =IF(AND($AF50=$AF$17,G50=1),G$9,"")
C51: 1 | D51: 1 | G51: 1 | H51: =IF($R$8>$J51,"Insufficient pwr",IF(OR(($M51-$T51-$V51)>0,$X51<$Q$5),"Insufficient PTI",IF(OR(($M51+$U51+$W51)<0,$Y51<$Q$5),"Insufficient PTO",IF(($P51-$R51)<0,"Insufficient AUX","")))) | I51: =$R$8/$J51 -> 0.49086711 | J51: =B51*B$10+D51*D$10+E51*E$10+F51*F$10+G51*G$10+C51*C$10 -> 32000 | K51: =IF($B51,$B$10)+IF($C51,$C$10) -> 24000 | L51: =(IF($B51,$B$10)+IF($C51,$C$10))*$I51 -> 11780.811 | M51: =$O$5-$L51 -> -317.81063 | N51: =IF(AND($B51="",$M51>0),MIN($M51,$B$11),0) -> 0 | O51: =IF($M51<0,0,$M51+$Q51-$N51-$V51) -> 0 | P51: =IF($D51,$D$10)+IF($E51,$E$10)+IF($F51,$F$10)+IF($G51,$G$10) -> 8000 | Q51: =IF($M51<0,0,$M51*$I$4) -> 0 | R51: =(IF($D51,$D$10)+IF($E51,$E$10)+IF($F51,$F$10)+IF($G51,$G$10))*$I51+$Q51 -> 3926.9369 | S51: =IF($P51=0,0,$R51/$P51) -> 0.49086711 | T51: =IF($M51<0,0,MIN(($N51+$O51),$B$11)) -> 0 | U51: =IF(AND($B51=1,$M51<0),MIN(ABS($M51),$B$13),0) -> 0 | V51: =IF($M51<0,0,MIN(($M51-$N51),$C$11)) -> 0 | W51: =IF(AND($C51=1,$M51<0),MIN((ABS($M51)-$U51),$C$13),0) -> 317.81063 | X51: =IF(IF(U51>0,0,$B$11-T51)+IF(W51>0,0,$C$11-V51)>$Q$5,$Q$5,IF(U51>0,0,$B$11-T51)+IF(W51>0,0,$C$11-V51)) -> -200.6025 | Y51: =IF(IF(T51>0,0,$B$11-U51)+IF(V51>0,0,$C$11-W51)>$Q$5,$Q$5,IF(T51>0,0,$B$11-U51)+IF(V51>0,0,$C$11-W51)) -> -200.6025 | Z51: =IF(OR(B51="",NOT($H51="")),"",ROUND(_xlfn.FORECAST.LINEAR($I51,INDEX(Z$3:Z$13,MATCH($I51,$Y$3:$Y$13,1)):INDEX(Z$3:Z$13,MATCH($I51,$Y$3:$Y$13,1)+1),INDEX($Y$3:$Y$13,MATCH($I51,$Y$3:$Y$13,1)):INDEX($Y$3:$Y$13,MATCH($I51,$Y$3:$Y$13,1)+1)),0)) | AA51: =IF(OR(C51="",NOT($H51="")),"",ROUND(_xlfn.FORECAST.LINEAR($I51,INDEX(AA$3:AA$13,MATCH($I51,$Y$3:$Y$13,1)):INDEX(AA$3:AA$13,MATCH($I51,$Y$3:$Y$13,1)+1),INDEX($Y$3:$Y$13,MATCH($I51,$Y$3:$Y$13,1)):INDEX($Y$3:$Y$13,MATCH($I51,$Y$3:$Y$13,1)+1)),0)) -> 167 | AB51: =IF(OR(D51="",NOT($H51="")),"",ROUND(_xlfn.FORECAST.LINEAR($S51,INDEX(AB$3:AB$13,MATCH($S51,$Y$3:$Y$13,1)):INDEX(AB$3:AB$13,MATCH($S51,$Y$3:$Y$13,1)+1),INDEX($Y$3:$Y$13,MATCH($S51,$Y$3:$Y$13,1)):INDEX($Y$3:$Y$13,MATCH($S51,$Y$3:$Y$13,1)+1)),0)) -> 198 | AC51: =IF(OR(E51="",NOT($H51="")),"",ROUND(_xlfn.FORECAST.LINEAR($S51,INDEX(AC$3:AC$13,MATCH($S51,$Y$3:$Y$13,1)):INDEX(AC$3:AC$13,MATCH($S51,$Y$3:$Y$13,1)+1),INDEX($Y$3:$Y$13,MATCH($S51,$Y$3:$Y$13,1)):INDEX($Y$3:$Y$13,MATCH($S51,$Y$3:$Y$13,1)+1)),0)) | AD51: =IF(OR(F51="",NOT($H51="")),"",ROUND(_xlfn.FORECAST.LINEAR($S51,INDEX(AD$3:AD$13,MATCH($S51,$Y$3:$Y$13,1)):INDEX(AD$3:AD$13,MATCH($S51,$Y$3:$Y$13,1)+1),INDEX($Y$3:$Y$13,MATCH($S51,$Y$3:$Y$13,1)):INDEX($Y$3:$Y$13,MATCH($S51,$Y$3:$Y$13,1)+1)),0)) | AE51: =IF(OR(G51="",NOT($H51="")),"",ROUND(_xlfn.FORECAST.LINEAR($S51,INDEX(AE$3:AE$13,MATCH($S51,$Y$3:$Y$13,1)):INDEX(AE$3:AE$13,MATCH($S51,$Y$3:$Y$13,1)+1),INDEX($Y$3:$Y$13,MATCH($S51,$Y$3:$Y$13,1)):INDEX($Y$3:$Y$13,MATCH($S51,$Y$3:$Y$13,1)+1)),0)) -> 218 | AF51: =IF($H51="",SUM(Z51:AE51),"") -> 583 | AG51: =IF(AND($AF51=$AF$17,B51=1),B$9,"") | AH51: =IF(AND($AF51=$AF$17,C51=1),C$9,"") | AI51: =IF(AND($AF51=$AF$17,D51=1),D$9,"") | AJ51: =IF(AND($AF51=$AF$17,E51=1),E$9,"") | AK51: =IF(AND($AF51=$AF$17,F51=1),F$9,"") | AL51: =IF(AND($AF51=$AF$17,G51=1),G$9,"")
C52: 1 | E52: 1 | F52: 1 | H52: =IF($R$8>$J52,"Insufficient pwr",IF(OR(($M52-$T52-$V52)>0,$X52<$Q$5),"Insufficient PTI",IF(OR(($M52+$U52+$W52)<0,$Y52<$Q$5),"Insufficient PTO",IF(($P52-$R52)<0,"Insufficient AUX","")))) | I52: =$R$8/$J52 -> 0.49086711 | J52: =B52*B$10+D52*D$10+E52*E$10+F52*F$10+G52*G$10+C52*C$10 -> 32000 | K52: =IF($B52,$B$10)+IF($C52,$C$10) -> 24000 | L52: =(IF($B52,$B$10)+IF($C52,$C$10))*$I52 -> 11780.811 | M52: =$O$5-$L52 -> -317.81063 | N52: =IF(AND($B52="",$M52>0),MIN($M52,$B$11),0) -> 0 | O52: =IF($M52<0,0,$M52+$Q52-$N52-$V52) -> 0 | P52: =IF($D52,$D$10)+IF($E52,$E$10)+IF($F52,$F$10)+IF($G52,$G$10) -> 8000 | Q52: =IF($M52<0,0,$M52*$I$4) -> 0 | R52: =(IF($D52,$D$10)+IF($E52,$E$10)+IF($F52,$F$10)+IF($G52,$G$10))*$I52+$Q52 -> 3926.9369 | S52: =IF($P52=0,0,$R52/$P52) -> 0.49086711 | T52: =IF($M52<0,0,MIN(($N52+$O52),$B$11)) -> 0 | U52: =IF(AND($B52=1,$M52<0),MIN(ABS($M52),$B$13),0) -> 0 | V52: =IF($M52<0,0,MIN(($M52-$N52),$C$11)) -> 0 | W52: =IF(AND($C52=1,$M52<0),MIN((ABS($M52)-$U52),$C$13),0) -> 317.81063 | X52: =IF(IF(U52>0,0,$B$11-T52)+IF(W52>0,0,$C$11-V52)>$Q$5,$Q$5,IF(U52>0,0,$B$11-T52)+IF(W52>0,0,$C$11-V52)) -> -200.6025 | Y52: =IF(IF(T52>0,0,$B$11-U52)+IF(V52>0,0,$C$11-W52)>$Q$5,$Q$5,IF(T52>0,0,$B$11-U52)+IF(V52>0,0,$C$11-W52)) -> -200.6025 | Z52: =IF(OR(B52="",NOT($H52="")),"",ROUND(_xlfn.FORECAST.LINEAR($I52,INDEX(Z$3:Z$13,MATCH($I52,$Y$3:$Y$13,1)):INDEX(Z$3:Z$13,MATCH($I52,$Y$3:$Y$13,1)+1),INDEX($Y$3:$Y$13,MATCH($I52,$Y$3:$Y$13,1)):INDEX($Y$3:$Y$13,MATCH($I52,$Y$3:$Y$13,1)+1)),0)) | AA52: =IF(OR(C52="",NOT($H52="")),"",ROUND(_xlfn.FORECAST.LINEAR($I52,INDEX(AA$3:AA$13,MATCH($I52,$Y$3:$Y$13,1)):INDEX(AA$3:AA$13,MATCH($I52,$Y$3:$Y$13,1)+1),INDEX($Y$3:$Y$13,MATCH($I52,$Y$3:$Y$13,1)):INDEX($Y$3:$Y$13,MATCH($I52,$Y$3:$Y$13,1)+1)),0)) -> 167 | AB52: =IF(OR(D52="",NOT($H52="")),"",ROUND(_xlfn.FORECAST.LINEAR($S52,INDEX(AB$3:AB$13,MATCH($S52,$Y$3:$Y$13,1)):INDEX(AB$3:AB$13,MATCH($S52,$Y$3:$Y$13,1)+1),INDEX($Y$3:$Y$13,MATCH($S52,$Y$3:$Y$13,1)):INDEX($Y$3:$Y$13,MATCH($S52,$Y$3:$Y$13,1)+1)),0)) | AC52: =IF(OR(E52="",NOT($H52="")),"",ROUND(_xlfn.FORECAST.LINEAR($S52,INDEX(AC$3:AC$13,MATCH($S52,$Y$3:$Y$13,1)):INDEX(AC$3:AC$13,MATCH($S52,$Y$3:$Y$13,1)+1),INDEX($Y$3:$Y$13,MATCH($S52,$Y$3:$Y$13,1)):INDEX($Y$3:$Y$13,MATCH($S52,$Y$3:$Y$13,1)+1)),0)) -> 198 | AD52: =IF(OR(F52="",NOT($H52="")),"",ROUND(_xlfn.FORECAST.LINEAR($S52,INDEX(AD$3:AD$13,MATCH($S52,$Y$3:$Y$13,1)):INDEX(AD$3:AD$13,MATCH($S52,$Y$3:$Y$13,1)+1),INDEX($Y$3:$Y$13,MATCH($S52,$Y$3:$Y$13,1)):INDEX($Y$3:$Y$13,MATCH($S52,$Y$3:$Y$13,1)+1)),0)) -> 190 | AE52: =IF(OR(G52="",NOT($H52="")),"",ROUND(_xlfn.FORECAST.LINEAR($S52,INDEX(AE$3:AE$13,MATCH($S52,$Y$3:$Y$13,1)):INDEX(AE$3:AE$13,MATCH($S52,$Y$3:$Y$13,1)+1),INDEX($Y$3:$Y$13,MATCH($S52,$Y$3:$Y$13,1)):INDEX($Y$3:$Y$13,MATCH($S52,$Y$3:$Y$13,1)+1)),0)) | AF52: =IF($H52="",SUM(Z52:AE52),"") -> 555 | AG52: =IF(AND($AF52=$AF$17,B52=1),B$9,"") | AH52: =IF(AND($AF52=$AF$17,C52=1),C$9,"") | AI52: =IF(AND($AF52=$AF$17,D52=1),D$9,"") | AJ52: =IF(AND($AF52=$AF$17,E52=1),E$9,"") | AK52: =IF(AND($AF52=$AF$17,F52=1),F$9,"") | AL52: =IF(AND($AF52=$AF$17,G52=1),G$9,"")
C53: 1 | E53: 1 | G53: 1 | H53: =IF($R$8>$J53,"Insufficient pwr",IF(OR(($M53-$T53-$V53)>0,$X53<$Q$5),"Insufficient PTI",IF(OR(($M53+$U53+$W53)<0,$Y53<$Q$5),"Insufficient PTO",IF(($P53-$R53)<0,"Insufficient AUX","")))) | I53: =$R$8/$J53 -> 0.49086711 | J53: =B53*B$10+D53*D$10+E53*E$10+F53*F$10+G53*G$10+C53*C$10 -> 32000 | K53: =IF($B53,$B$10)+IF($C53,$C$10) -> 24000 | L53: =(IF($B53,$B$10)+IF($C53,$C$10))*$I53 -> 11780.811 | M53: =$O$5-$L53 -> -317.81063 | N53: =IF(AND($B53="",$M53>0),MIN($M53,$B$11),0) -> 0 | O53: =IF($M53<0,0,$M53+$Q53-$N53-$V53) -> 0 | P53: =IF($D53,$D$10)+IF($E53,$E$10)+IF($F53,$F$10)+IF($G53,$G$10) -> 8000 | Q53: =IF($M53<0,0,$M53*$I$4) -> 0 | R53: =(IF($D53,$D$10)+IF($E53,$E$10)+IF($F53,$F$10)+IF($G53,$G$10))*$I53+$Q53 -> 3926.9369 | S53: =IF($P53=0,0,$R53/$P53) -> 0.49086711 | T53: =IF($M53<0,0,MIN(($N53+$O53),$B$11)) -> 0 | U53: =IF(AND($B53=1,$M53<0),MIN(ABS($M53),$B$13),0) -> 0 | V53: =IF($M53<0,0,MIN(($M53-$N53),$C$11)) -> 0 | W53: =IF(AND($C53=1,$M53<0),MIN((ABS($M53)-$U53),$C$13),0) -> 317.81063 | X53: =IF(IF(U53>0,0,$B$11-T53)+IF(W53>0,0,$C$11-V53)>$Q$5,$Q$5,IF(U53>0,0,$B$11-T53)+IF(W53>0,0,$C$11-V53)) -> -200.6025 | Y53: =IF(IF(T53>0,0,$B$11-U53)+IF(V53>0,0,$C$11-W53)>$Q$5,$Q$5,IF(T53>0,0,$B$11-U53)+IF(V53>0,0,$C$11-W53)) -> -200.6025 | Z53: =IF(OR(B53="",NOT($H53="")),"",ROUND(_xlfn.FORECAST.LINEAR($I53,INDEX(Z$3:Z$13,MATCH($I53,$Y$3:$Y$13,1)):INDEX(Z$3:Z$13,MATCH($I53,$Y$3:$Y$13,1)+1),INDEX($Y$3:$Y$13,MATCH($I53,$Y$3:$Y$13,1)):INDEX($Y$3:$Y$13,MATCH($I53,$Y$3:$Y$13,1)+1)),0)) | AA53: =IF(OR(C53="",NOT($H53="")),"",ROUND(_xlfn.FORECAST.LINEAR($I53,INDEX(AA$3:AA$13,MATCH($I53,$Y$3:$Y$13,1)):INDEX(AA$3:AA$13,MATCH($I53,$Y$3:$Y$13,1)+1),INDEX($Y$3:$Y$13,MATCH($I53,$Y$3:$Y$13,1)):INDEX($Y$3:$Y$13,MATCH($I53,$Y$3:$Y$13,1)+1)),0)) -> 167 | AB53: =IF(OR(D53="",NOT($H53="")),"",ROUND(_xlfn.FORECAST.LINEAR($S53,INDEX(AB$3:AB$13,MATCH($S53,$Y$3:$Y$13,1)):INDEX(AB$3:AB$13,MATCH($S53,$Y$3:$Y$13,1)+1),INDEX($Y$3:$Y$13,MATCH($S53,$Y$3:$Y$13,1)):INDEX($Y$3:$Y$13,MATCH($S53,$Y$3:$Y$13,1)+1)),0)) | AC53: =IF(OR(E53="",NOT($H53="")),"",ROUND(_xlfn.FORECAST.LINEAR($S53,INDEX(AC$3:AC$13,MATCH($S53,$Y$3:$Y$13,1)):INDEX(AC$3:AC$13,MATCH($S53,$Y$3:$Y$13,1)+1),INDEX($Y$3:$Y$13,MATCH($S53,$Y$3:$Y$13,1)):INDEX($Y$3:$Y$13,MATCH($S53,$Y$3:$Y$13,1)+1)),0)) -> 198 | AD53: =IF(OR(F53="",NOT($H53="")),"",ROUND(_xlfn.FORECAST.LINEAR($S53,INDEX(AD$3:AD$13,MATCH($S53,$Y$3:$Y$13,1)):INDEX(AD$3:AD$13,MATCH($S53,$Y$3:$Y$13,1)+1),INDEX($Y$3:$Y$13,MATCH($S53,$Y$3:$Y$13,1)):INDEX($Y$3:$Y$13,MATCH($S53,$Y$3:$Y$13,1)+1)),0)) | AE53: =IF(OR(G53="",NOT($H53="")),"",ROUND(_xlfn.FORECAST.LINEAR($S53,INDEX(AE$3:AE$13,MATCH($S53,$Y$3:$Y$13,1)):INDEX(AE$3:AE$13,MATCH($S53,$Y$3:$Y$13,1)+1),INDEX($Y$3:$Y$13,MATCH($S53,$Y$3:$Y$13,1)):INDEX($Y$3:$Y$13,MATCH($S53,$Y$3:$Y$13,1)+1)),0)) -> 218 | AF53: =IF($H53="",SUM(Z53:AE53),"") -> 583 | AG53: =IF(AND($AF53=$AF$17,B53=1),B$9,"") | AH53: =IF(AND($AF53=$AF$17,C53=1),C$9,"") | AI53: =IF(AND($AF53=$AF$17,D53=1),D$9,"") | AJ53: =IF(AND($AF53=$AF$17,E53=1),E$9,"") | AK53: =IF(AND($AF53=$AF$17,F53=1),F$9,"") | AL53: =IF(AND($AF53=$AF$17,G53=1),G$9,"")
C54: 1 | F54: 1 | G54: 1 | H54: =IF($R$8>$J54,"Insufficient pwr",IF(OR(($M54-$T54-$V54)>0,$X54<$Q$5),"Insufficient PTI",IF(OR(($M54+$U54+$W54)<0,$Y54<$Q$5),"Insufficient PTO",IF(($P54-$R54)<0,"Insufficient AUX","")))) | I54: =$R$8/$J54 -> 0.49086711 | J54: =B54*B$10+D54*D$10+E54*E$10+F54*F$10+G54*G$10+C54*C$10 -> 32000 | K54: =IF($B54,$B$10)+IF($C54,$C$10) -> 24000 | L54: =(IF($B54,$B$10)+IF($C54,$C$10))*$I54 -> 11780.811 | M54: =$O$5-$L54 -> -317.81063 | N54: =IF(AND($B54="",$M54>0),MIN($M54,$B$11),0) -> 0 | O54: =IF($M54<0,0,$M54+$Q54-$N54-$V54) -> 0 | P54: =IF($D54,$D$10)+IF($E54,$E$10)+IF($F54,$F$10)+IF($G54,$G$10) -> 8000 | Q54: =IF($M54<0,0,$M54*$I$4) -> 0 | R54: =(IF($D54,$D$10)+IF($E54,$E$10)+IF($F54,$F$10)+IF($G54,$G$10))*$I54+$Q54 -> 3926.9369 | S54: =IF($P54=0,0,$R54/$P54) -> 0.49086711 | T54: =IF($M54<0,0,MIN(($N54+$O54),$B$11)) -> 0 | U54: =IF(AND($B54=1,$M54<0),MIN(ABS($M54),$B$13),0) -> 0 | V54: =IF($M54<0,0,MIN(($M54-$N54),$C$11)) -> 0 | W54: =IF(AND($C54=1,$M54<0),MIN((ABS($M54)-$U54),$C$13),0) -> 317.81063 | X54: =IF(IF(U54>0,0,$B$11-T54)+IF(W54>0,0,$C$11-V54)>$Q$5,$Q$5,IF(U54>0,0,$B$11-T54)+IF(W54>0,0,$C$11-V54)) -> -200.6025 | Y54: =IF(IF(T54>0,0,$B$11-U54)+IF(V54>0,0,$C$11-W54)>$Q$5,$Q$5,IF(T54>0,0,$B$11-U54)+IF(V54>0,0,$C$11-W54)) -> -200.6025 | Z54: =IF(OR(B54="",NOT($H54="")),"",ROUND(_xlfn.FORECAST.LINEAR($I54,INDEX(Z$3:Z$13,MATCH($I54,$Y$3:$Y$13,1)):INDEX(Z$3:Z$13,MATCH($I54,$Y$3:$Y$13,1)+1),INDEX($Y$3:$Y$13,MATCH($I54,$Y$3:$Y$13,1)):INDEX($Y$3:$Y$13,MATCH($I54,$Y$3:$Y$13,1)+1)),0)) | AA54: =IF(OR(C54="",NOT($H54="")),"",ROUND(_xlfn.FORECAST.LINEAR($I54,INDEX(AA$3:AA$13,MATCH($I54,$Y$3:$Y$13,1)):INDEX(AA$3:AA$13,MATCH($I54,$Y$3:$Y$13,1)+1),INDEX($Y$3:$Y$13,MATCH($I54,$Y$3:$Y$13,1)):INDEX($Y$3:$Y$13,MATCH($I54,$Y$3:$Y$13,1)+1)),0)) -> 167 | AB54: =IF(OR(D54="",NOT($H54="")),"",ROUND(_xlfn.FORECAST.LINEAR($S54,INDEX(AB$3:AB$13,MATCH($S54,$Y$3:$Y$13,1)):INDEX(AB$3:AB$13,MATCH($S54,$Y$3:$Y$13,1)+1),INDEX($Y$3:$Y$13,MATCH($S54,$Y$3:$Y$13,1)):INDEX($Y$3:$Y$13,MATCH($S54,$Y$3:$Y$13,1)+1)),0)) | AC54: =IF(OR(E54="",NOT($H54="")),"",ROUND(_xlfn.FORECAST.LINEAR($S54,INDEX(AC$3:AC$13,MATCH($S54,$Y$3:$Y$13,1)):INDEX(AC$3:AC$13,MATCH($S54,$Y$3:$Y$13,1)+1),INDEX($Y$3:$Y$13,MATCH($S54,$Y$3:$Y$13,1)):INDEX($Y$3:$Y$13,MATCH($S54,$Y$3:$Y$13,1)+1)),0)) | AD54: =IF(OR(F54="",NOT($H54="")),"",ROUND(_xlfn.FORECAST.LINEAR($S54,INDEX(AD$3:AD$13,MATCH($S54,$Y$3:$Y$13,1)):INDEX(AD$3:AD$13,MATCH($S54,$Y$3:$Y$13,1)+1),INDEX($Y$3:$Y$13,MATCH($S54,$Y$3:$Y$13,1)):INDEX($Y$3:$Y$13,MATCH($S54,$Y$3:$Y$13,1)+1)),0)) -> 190 | AE54: =IF(OR(G54="",NOT($H54="")),"",ROUND(_xlfn.FORECAST.LINEAR($S54,INDEX(AE$3:AE$13,MATCH($S54,$Y$3:$Y$13,1)):INDEX(AE$3:AE$13,MATCH($S54,$Y$3:$Y$13,1)+1),INDEX($Y$3:$Y$13,MATCH($S54,$Y$3:$Y$13,1)):INDEX($Y$3:$Y$13,MATCH($S54,$Y$3:$Y$13,1)+1)),0)) -> 218 | AF54: =IF($H54="",SUM(Z54:AE54),"") -> 575 | AG54: =IF(AND($AF54=$AF$17,B54=1),B$9,"") | AH54: =IF(AND($AF54=$AF$17,C54=1),C$9,"") | AI54: =IF(AND($AF54=$AF$17,D54=1),D$9,"") | AJ54: =IF(AND($AF54=$AF$17,E54=1),E$9,"") | AK54: =IF(AND($AF54=$AF$17,F54=1),F$9,"") | AL54: =IF(AND($AF54=$AF$17,G54=1),G$9,"")
B55: 1 | C55: 1 | D55: 1 | H55: =IF($R$8>$J55,"Insufficient pwr",IF(OR(($M55-$T55-$V55)>0,$X55<$Q$5),"Insufficient PTI",IF(OR(($M55+$U55+$W55)<0,$Y55<$Q$5),"Insufficient PTO",IF(($P55-$R55)<0,"Insufficient AUX","")))) | I55: =$R$8/$J55 -> 0.30207207 | J55: =B55*B$10+D55*D$10+E55*E$10+F55*F$10+G55*G$10+C55*C$10 -> 52000 | K55: =IF($B55,$B$10)+IF($C55,$C$10) -> 48000 | L55: =(IF($B55,$B$10)+IF($C55,$C$10))*$I55 -> 14499.459 | M55: =$O$5-$L55 -> -3036.4592 | N55: =IF(AND($B55="",$M55>0),MIN($M55,$B$11),0) -> 0 | O55: =IF($M55<0,0,$M55+$Q55-$N55-$V55) -> 0 | P55: =IF($D55,$D$10)+IF($E55,$E$10)+IF($F55,$F$10)+IF($G55,$G$10) -> 4000 | Q55: =IF($M55<0,0,$M55*$I$4) -> 0 | R55: =(IF($D55,$D$10)+IF($E55,$E$10)+IF($F55,$F$10)+IF($G55,$G$10))*$I55+$Q55 -> 1208.2883 | S55: =IF($P55=0,0,$R55/$P55) -> 0.30207207 | T55: =IF($M55<0,0,MIN(($N55+$O55),$B$11)) -> 0 | U55: =IF(AND($B55=1,$M55<0),MIN(ABS($M55),$B$13),0) -> 3036.4592 | V55: =IF($M55<0,0,MIN(($M55-$N55),$C$11)) -> 0 | W55: =IF(AND($C55=1,$M55<0),MIN((ABS($M55)-$U55),$C$13),0) -> 0 | X55: =IF(IF(U55>0,0,$B$11-T55)+IF(W55>0,0,$C$11-V55)>$Q$5,$Q$5,IF(U55>0,0,$B$11-T55)+IF(W55>0,0,$C$11-V55)) -> -200.6025 | Y55: =IF(IF(T55>0,0,$B$11-U55)+IF(V55>0,0,$C$11-W55)>$Q$5,$Q$5,IF(T55>0,0,$B$11-U55)+IF(V55>0,0,$C$11-W55)) -> -200.6025 | Z55: =IF(OR(B55="",NOT($H55="")),"",ROUND(_xlfn.FORECAST.LINEAR($I55,INDEX(Z$3:Z$13,MATCH($I55,$Y$3:$Y$13,1)):INDEX(Z$3:Z$13,MATCH($I55,$Y$3:$Y$13,1)+1),INDEX($Y$3:$Y$13,MATCH($I55,$Y$3:$Y$13,1)):INDEX($Y$3:$Y$13,MATCH($I55,$Y$3:$Y$13,1)+1)),0)) -> 173 | AA55: =IF(OR(C55="",NOT($H55="")),"",ROUND(_xlfn.FORECAST.LINEAR($I55,INDEX(AA$3:AA$13,MATCH($I55,$Y$3:$Y$13,1)):INDEX(AA$3:AA$13,MATCH($I55,$Y$3:$Y$13,1)+1),INDEX($Y$3:$Y$13,MATCH($I55,$Y$3:$Y$13,1)):INDEX($Y$3:$Y$13,MATCH($I55,$Y$3:$Y$13,1)+1)),0)) -> 173 | AB55: =IF(OR(D55="",NOT($H55="")),"",ROUND(_xlfn.FORECAST.LINEAR($S55,INDEX(AB$3:AB$13,MATCH($S55,$Y$3:$Y$13,1)):INDEX(AB$3:AB$13,MATCH($S55,$Y$3:$Y$13,1)+1),INDEX($Y$3:$Y$13,MATCH($S55,$Y$3:$Y$13,1)):INDEX($Y$3:$Y$13,MATCH($S55,$Y$3:$Y$13,1)+1)),0)) -> 220 | AC55: =IF(OR(E55="",NOT($H55="")),"",ROUND(_xlfn.FORECAST.LINEAR($S55,INDEX(AC$3:AC$13,MATCH($S55,$Y$3:$Y$13,1)):INDEX(AC$3:AC$13,MATCH($S55,$Y$3:$Y$13,1)+1),INDEX($Y$3:$Y$13,MATCH($S55,$Y$3:$Y$13,1)):INDEX($Y$3:$Y$13,MATCH($S55,$Y$3:$Y$13,1)+1)),0)) | AD55: =IF(OR(F55="",NOT($H55="")),"",ROUND(_xlfn.FORECAST.LINEAR($S55,INDEX(AD$3:AD$13,MATCH($S55,$Y$3:$Y$13,1)):INDEX(AD$3:AD$13,MATCH($S55,$Y$3:$Y$13,1)+1),INDEX($Y$3:$Y$13,MATCH($S55,$Y$3:$Y$13,1)):INDEX($Y$3:$Y$13,MATCH($S55,$Y$3:$Y$13,1)+1)),0)) | AE55: =IF(OR(G55="",NOT($H55="")),"",ROUND(_xlfn.FORECAST.LINEAR($S55,INDEX(AE$3:AE$13,MATCH($S55,$Y$3:$Y$13,1)):INDEX(AE$3:AE$13,MATCH($S55,$Y$3:$Y$13,1)+1),INDEX($Y$3:$Y$13,MATCH($S55,$Y$3:$Y$13,1)):INDEX($Y$3:$Y$13,MATCH($S55,$Y$3:$Y$13,1)+1)),0)) | AF55: =IF($H55="",SUM(Z55:AE55),"") -> 566 | AG55: =IF(AND($AF55=$AF$17,B55=1),B$9,"") | AH55: =IF(AND($AF55=$AF$17,C55=1),C$9,"") | AI55: =IF(AND($AF55=$AF$17,D55=1),D$9,"") | AJ55: =IF(AND($AF55=$AF$17,E55=1),E$9,"") | AK55: =IF(AND($AF55=$AF$17,F55=1),F$9,"") | AL55: =IF(AND($AF55=$AF$17,G55=1),G$9,"")
B56: 1 | C56: 1 | E56: 1 | H56: =IF($R$8>$J56,"Insufficient pwr",IF(OR(($M56-$T56-$V56)>0,$X56<$Q$5),"Insufficient PTI",IF(OR(($M56+$U56+$W56)<0,$Y56<$Q$5),"Insufficient PTO",IF(($P56-$R56)<0,"Insufficient AUX","")))) | I56: =$R$8/$J56 -> 0.30207207 | J56: =B56*B$10+D56*D$10+E56*E$10+F56*F$10+G56*G$10+C56*C$10 -> 52000 | K56: =IF($B56,$B$10)+IF($C56,$C$10) -> 48000 | L56: =(IF($B56,$B$10)+IF($C56,$C$10))*$I56 -> 14499.459 | M56: =$O$5-$L56 -> -3036.4592 | N56: =IF(AND($B56="",$M56>0),MIN($M56,$B$11),0) -> 0 | O56: =IF($M56<0,0,$M56+$Q56-$N56-$V56) -> 0 | P56: =IF($D56,$D$10)+IF($E56,$E$10)+IF($F56,$F$10)+IF($G56,$G$10) -> 4000 | Q56: =IF($M56<0,0,$M56*$I$4) -> 0 | R56: =(IF($D56,$D$10)+IF($E56,$E$10)+IF($F56,$F$10)+IF($G56,$G$10))*$I56+$Q56 -> 1208.2883 | S56: =IF($P56=0,0,$R56/$P56) -> 0.30207207 | T56: =IF($M56<0,0,MIN(($N56+$O56),$B$11)) -> 0 | U56: =IF(AND($B56=1,$M56<0),MIN(ABS($M56),$B$13),0) -> 3036.4592 | V56: =IF($M56<0,0,MIN(($M56-$N56),$C$11)) -> 0 | W56: =IF(AND($C56=1,$M56<0),MIN((ABS($M56)-$U56),$C$13),0) -> 0 | X56: =IF(IF(U56>0,0,$B$11-T56)+IF(W56>0,0,$C$11-V56)>$Q$5,$Q$5,IF(U56>0,0,$B$11-T56)+IF(W56>0,0,$C$11-V56)) -> -200.6025 | Y56: =IF(IF(T56>0,0,$B$11-U56)+IF(V56>0,0,$C$11-W56)>$Q$5,$Q$5,IF(T56>0,0,$B$11-U56)+IF(V56>0,0,$C$11-W56)) -> -200.6025 | Z56: =IF(OR(B56="",NOT($H56="")),"",ROUND(_xlfn.FORECAST.LINEAR($I56,INDEX(Z$3:Z$13,MATCH($I56,$Y$3:$Y$13,1)):INDEX(Z$3:Z$13,MATCH($I56,$Y$3:$Y$13,1)+1),INDEX($Y$3:$Y$13,MATCH($I56,$Y$3:$Y$13,1)):INDEX($Y$3:$Y$13,MATCH($I56,$Y$3:$Y$13,1)+1)),0)) -> 173 | AA56: =IF(OR(C56="",NOT($H56="")),"",ROUND(_xlfn.FORECAST.LINEAR($I56,INDEX(AA$3:AA$13,MATCH($I56,$Y$3:$Y$13,1)):INDEX(AA$3:AA$13,MATCH($I56,$Y$3:$Y$13,1)+1),INDEX($Y$3:$Y$13,MATCH($I56,$Y$3:$Y$13,1)):INDEX($Y$3:$Y$13,MATCH($I56,$Y$3:$Y$13,1)+1)),0)) -> 173 | AB56: =IF(OR(D56="",NOT($H56="")),"",ROUND(_xlfn.FORECAST.LINEAR($S56,INDEX(AB$3:AB$13,MATCH($S56,$Y$3:$Y$13,1)):INDEX(AB$3:AB$13,MATCH($S56,$Y$3:$Y$13,1)+1),INDEX($Y$3:$Y$13,MATCH($S56,$Y$3:$Y$13,1)):INDEX($Y$3:$Y$13,MATCH($S56,$Y$3:$Y$13,1)+1)),0)) | AC56: =IF(OR(E56="",NOT($H56="")),"",ROUND(_xlfn.FORECAST.LINEAR($S56,INDEX(AC$3:AC$13,MATCH($S56,$Y$3:$Y$13,1)):INDEX(AC$3:AC$13,MATCH($S56,$Y$3:$Y$13,1)+1),INDEX($Y$3:$Y$13,MATCH($S56,$Y$3:$Y$13,1)):INDEX($Y$3:$Y$13,MATCH($S56,$Y$3:$Y$13,1)+1)),0)) -> 220 | AD56: =IF(OR(F56="",NOT($H56="")),"",ROUND(_xlfn.FORECAST.LINEAR($S56,INDEX(AD$3:AD$13,MATCH($S56,$Y$3:$Y$13,1)):INDEX(AD$3:AD$13,MATCH($S56,$Y$3:$Y$13,1)+1),INDEX($Y$3:$Y$13,MATCH($S56,$Y$3:$Y$13,1)):INDEX($Y$3:$Y$13,MATCH($S56,$Y$3:$Y$13,1)+1)),0)) | AE56: =IF(OR(G56="",NOT($H56="")),"",ROUND(_xlfn.FORECAST.LINEAR($S56,INDEX(AE$3:AE$13,MATCH($S56,$Y$3:$Y$13,1)):INDEX(AE$3:AE$13,MATCH($S56,$Y$3:$Y$13,1)+1),INDEX($Y$3:$Y$13,MATCH($S56,$Y$3:$Y$13,1)):INDEX($Y$3:$Y$13,MATCH($S56,$Y$3:$Y$13,1)+1)),0)) | AF56: =IF($H56="",SUM(Z56:AE56),"") -> 566 | AG56: =IF(AND($AF56=$AF$17,B56=1),B$9,"") | AH56: =IF(AND($AF56=$AF$17,C56=1),C$9,"") | AI56: =IF(AND($AF56=$AF$17,D56=1),D$9,"") | AJ56: =IF(AND($AF56=$AF$17,E56=1),E$9,"") | AK56: =IF(AND($AF56=$AF$17,F56=1),F$9,"") | AL56: =IF(AND($AF56=$AF$17,G56=1),G$9,"")
B57: 1 | C57: 1 | F57: 1 | H57: =IF($R$8>$J57,"Insufficient pwr",IF(OR(($M57-$T57-$V57)>0,$X57<$Q$5),"Insufficient PTI",IF(OR(($M57+$U57+$W57)<0,$Y57<$Q$5),"Insufficient PTO",IF(($P57-$R57)<0,"Insufficient AUX","")))) | I57: =$R$8/$J57 -> 0.30207207 | J57: =B57*B$10+D57*D$10+E57*E$10+F57*F$10+G57*G$10+C57*C$10 -> 52000 | K57: =IF($B57,$B$10)+IF($C57,$C$10) -> 48000 | L57: =(IF($B57,$B$10)+IF($C57,$C$10))*$I57 -> 14499.459 | M57: =$O$5-$L57 -> -3036.4592 | N57: =IF(AND($B57="",$M57>0),MIN($M57,$B$11),0) -> 0 | O57: =IF($M57<0,0,$M57+$Q57-$N57-$V57) -> 0 | P57: =IF($D57,$D$10)+IF($E57,$E$10)+IF($F57,$F$10)+IF($G57,$G$10) -> 4000 | Q57: =IF($M57<0,0,$M57*$I$4) -> 0 | R57: =(IF($D57,$D$10)+IF($E57,$E$10)+IF($F57,$F$10)+IF($G57,$G$10))*$I57+$Q57 -> 1208.2883 | S57: =IF($P57=0,0,$R57/$P57) -> 0.30207207 | T57: =IF($M57<0,0,MIN(($N57+$O57),$B$11)) -> 0 | U57: =IF(AND($B57=1,$M57<0),MIN(ABS($M57),$B$13),0) -> 3036.4592 | V57: =IF($M57<0,0,MIN(($M57-$N57),$C$11)) -> 0 | W57: =IF(AND($C57=1,$M57<0),MIN((ABS($M57)-$U57),$C$13),0) -> 0 | X57: =IF(IF(U57>0,0,$B$11-T57)+IF(W57>0,0,$C$11-V57)>$Q$5,$Q$5,IF(U57>0,0,$B$11-T57)+IF(W57>0,0,$C$11-V57)) -> -200.6025 | Y57: =IF(IF(T57>0,0,$B$11-U57)+IF(V57>0,0,$C$11-W57)>$Q$5,$Q$5,IF(T57>0,0,$B$11-U57)+IF(V57>0,0,$C$11-W57)) -> -200.6025 | Z57: =IF(OR(B57="",NOT($H57="")),"",ROUND(_xlfn.FORECAST.LINEAR($I57,INDEX(Z$3:Z$13,MATCH($I57,$Y$3:$Y$13,1)):INDEX(Z$3:Z$13,MATCH($I57,$Y$3:$Y$13,1)+1),INDEX($Y$3:$Y$13,MATCH($I57,$Y$3:$Y$13,1)):INDEX($Y$3:$Y$13,MATCH($I57,$Y$3:$Y$13,1)+1)),0)) -> 173 | AA57: =IF(OR(C57="",NOT($H57="")),"",ROUND(_xlfn.FORECAST.LINEAR($I57,INDEX(AA$3:AA$13,MATCH($I57,$Y$3:$Y$13,1)):INDEX(AA$3:AA$13,MATCH($I57,$Y$3:$Y$13,1)+1),INDEX($Y$3:$Y$13,MATCH($I57,$Y$3:$Y$13,1)):INDEX($Y$3:$Y$13,MATCH($I57,$Y$3:$Y$13,1)+1)),0)) -> 173 | AB57: =IF(OR(D57="",NOT($H57="")),"",ROUND(_xlfn.FORECAST.LINEAR($S57,INDEX(AB$3:AB$13,MATCH($S57,$Y$3:$Y$13,1)):INDEX(AB$3:AB$13,MATCH($S57,$Y$3:$Y$13,1)+1),INDEX($Y$3:$Y$13,MATCH($S57,$Y$3:$Y$13,1)):INDEX($Y$3:$Y$13,MATCH($S57,$Y$3:$Y$13,1)+1)),0)) | AC57: =IF(OR(E57="",NOT($H57="")),"",ROUND(_xlfn.FORECAST.LINEAR($S57,INDEX(AC$3:AC$13,MATCH($S57,$Y$3:$Y$13,1)):INDEX(AC$3:AC$13,MATCH($S57,$Y$3:$Y$13,1)+1),INDEX($Y$3:$Y$13,MATCH($S57,$Y$3:$Y$13,1)):INDEX($Y$3:$Y$13,MATCH($S57,$Y$3:$Y$13,1)+1)),0)) | AD57: =IF(OR(F57="",NOT($H57="")),"",ROUND(_xlfn.FORECAST.LINEAR($S57,INDEX(AD$3:AD$13,MATCH($S57,$Y$3:$Y$13,1)):INDEX(AD$3:AD$13,MATCH($S57,$Y$3:$Y$13,1)+1),INDEX($Y$3:$Y$13,MATCH($S57,$Y$3:$Y$13,1)):INDEX($Y$3:$Y$13,MATCH($S57,$Y$3:$Y$13,1)+1)),0)) -> 210 | AE57: =IF(OR(G57="",NOT($H57="")),"",ROUND(_xlfn.FORECAST.LINEAR($S57,INDEX(AE$3:AE$13,MATCH($S57,$Y$3:$Y$13,1)):INDEX(AE$3:AE$13,MATCH($S57,$Y$3:$Y$13,1)+1),INDEX($Y$3:$Y$13,MATCH($S57,$Y$3:$Y$13,1)):INDEX($Y$3:$Y$13,MATCH($S57,$Y$3:$Y$13,1)+1)),0)) | AF57: =IF($H57="",SUM(Z57:AE57),"") -> 556 | AG57: =IF(AND($AF57=$AF$17,B57=1),B$9,"") | AH57: =IF(AND($AF57=$AF$17,C57=1),C$9,"") | AI57: =IF(AND($AF57=$AF$17,D57=1),D$9,"") | AJ57: =IF(AND($AF57=$AF$17,E57=1),E$9,"") | AK57: =IF(AND($AF57=$AF$17,F57=1),F$9,"") | AL57: =IF(AND($AF57=$AF$17,G57=1),G$9,"")
D58: 1 | E58: 1 | F58: 1 | G58: 1 | H58: =IF($R$8>$J58,"Insufficient pwr",IF(OR(($M58-$T58-$V58)>0,$X58<$Q$5),"Insufficient PTI",IF(OR(($M58+$U58+$W58)<0,$Y58<$Q$5),"Insufficient PTO",IF(($P58-$R58)<0,"Insufficient AUX","")))) -> Insufficient PTI | I58: =$R$8/$J58 -> 0.98173422 | J58: =B58*B$10+D58*D$10+E58*E$10+F58*F$10+G58*G$10+C58*C$10 -> 16000 | K58: =IF($B58,$B$10)+IF($C58,$C$10) -> 0 | L58: =(IF($B58,$B$10)+IF($C58,$C$10))*$I58 -> 0 | M58: =$O$5-$L58 -> 11463 | N58: =IF(AND($B58="",$M58>0),MIN($M58,$B$11),0) -> 3250 | O58: =IF($M58<0,0,$M58+$Q58-$N58-$V58) -> 5536.15 | P58: =IF($D58,$D$10)+IF($E58,$E$10)+IF($F58,$F$10)+IF($G58,$G$10) -> 16000 | Q58: =IF($M58<0,0,$M58*$I$4) -> 573.15 | R58: =(IF($D58,$D$10)+IF($E58,$E$10)+IF($F58,$F$10)+IF($G58,$G$10))*$I58+$Q58 -> 16280.897 | S58: =IF($P58=0,0,$R58/$P58) -> 1.0175561 | T58: =IF($M58<0,0,MIN(($N58+$O58),$B$11)) -> 3250 | U58: =IF(AND($B58=1,$M58<0),MIN(ABS($M58),$B$13),0) -> 0 | V58: =IF($M58<0,0,MIN(($M58-$N58),$C$11)) -> 3250 | W58: =IF(AND($C58=1,$M58<0),MIN((ABS($M58)-$U58),$C$13),0) -> 0 | X58: =IF(IF(U58>0,0,$B$11-T58)+IF(W58>0,0,$C$11-V58)>$Q$5,$Q$5,IF(U58>0,0,$B$11-T58)+IF(W58>0,0,$C$11-V58)) -> -200.6025 | Y58: =IF(IF(T58>0,0,$B$11-U58)+IF(V58>0,0,$C$11-W58)>$Q$5,$Q$5,IF(T58>0,0,$B$11-U58)+IF(V58>0,0,$C$11-W58)) -> -200.6025 | Z58: =IF(OR(B58="",NOT($H58="")),"",ROUND(_xlfn.FORECAST.LINEAR($I58,INDEX(Z$3:Z$13,MATCH($I58,$Y$3:$Y$13,1)):INDEX(Z$3:Z$13,MATCH($I58,$Y$3:$Y$13,1)+1),INDEX($Y$3:$Y$13,MATCH($I58,$Y$3:$Y$13,1)):INDEX($Y$3:$Y$13,MATCH($I58,$Y$3:$Y$13,1)+1)),0)) | AA58: =IF(OR(C58="",NOT($H58="")),"",ROUND(_xlfn.FORECAST.LINEAR($I58,INDEX(AA$3:AA$13,MATCH($I58,$Y$3:$Y$13,1)):INDEX(AA$3:AA$13,MATCH($I58,$Y$3:$Y$13,1)+1),INDEX($Y$3:$Y$13,MATCH($I58,$Y$3:$Y$13,1)):INDEX($Y$3:$Y$13,MATCH($I58,$Y$3:$Y$13,1)+1)),0)) | AB58: =IF(OR(D58="",NOT($H58="")),"",ROUND(_xlfn.FORECAST.LINEAR($S58,INDEX(AB$3:AB$13,MATCH($S58,$Y$3:$Y$13,1)):INDEX(AB$3:AB$13,MATCH($S58,$Y$3:$Y$13,1)+1),INDEX($Y$3:$Y$13,MATCH($S58,$Y$3:$Y$13,1)):INDEX($Y$3:$Y$13,MATCH($S58,$Y$3:$Y$13,1)+1)),0)) | AC58: =IF(OR(E58="",NOT($H58="")),"",ROUND(_xlfn.FORECAST.LINEAR($S58,INDEX(AC$3:AC$13,MATCH($S58,$Y$3:$Y$13,1)):INDEX(AC$3:AC$13,MATCH($S58,$Y$3:$Y$13,1)+1),INDEX($Y$3:$Y$13,MATCH($S58,$Y$3:$Y$13,1)):INDEX($Y$3:$Y$13,MATCH($S58,$Y$3:$Y$13,1)+1)),0)) | AD58: =IF(OR(F58="",NOT($H58="")),"",ROUND(_xlfn.FORECAST.LINEAR($S58,INDEX(AD$3:AD$13,MATCH($S58,$Y$3:$Y$13,1)):INDEX(AD$3:AD$13,MATCH($S58,$Y$3:$Y$13,1)+1),INDEX($Y$3:$Y$13,MATCH($S58,$Y$3:$Y$13,1)):INDEX($Y$3:$Y$13,MATCH($S58,$Y$3:$Y$13,1)+1)),0)) | AE58: =IF(OR(G58="",NOT($H58="")),"",ROUND(_xlfn.FORECAST.LINEAR($S58,INDEX(AE$3:AE$13,MATCH($S58,$Y$3:$Y$13,1)):INDEX(AE$3:AE$13,MATCH($S58,$Y$3:$Y$13,1)+1),INDEX($Y$3:$Y$13,MATCH($S58,$Y$3:$Y$13,1)):INDEX($Y$3:$Y$13,MATCH($S58,$Y$3:$Y$13,1)+1)),0)) | AF58: =IF($H58="",SUM(Z58:AE58),"") | AG58: =IF(AND($AF58=$AF$17,B58=1),B$9,"") | AH58: =IF(AND($AF58=$AF$17,C58=1),C$9,"") | AI58: =IF(AND($AF58=$AF$17,D58=1),D$9,"") | AJ58: =IF(AND($AF58=$AF$17,E58=1),E$9,"") | AK58: =IF(AND($AF58=$AF$17,F58=1),F$9,"") | AL58: =IF(AND($AF58=$AF$17,G58=1),G$9,"")
B59: 1 | D59: 1 | E59: 1 | F59: 1 | H59: =IF($R$8>$J59,"Insufficient pwr",IF(OR(($M59-$T59-$V59)>0,$X59<$Q$5),"Insufficient PTI",IF(OR(($M59+$U59+$W59)<0,$Y59<$Q$5),"Insufficient PTO",IF(($P59-$R59)<0,"Insufficient AUX","")))) | I59: =$R$8/$J59 -> 0.43632632 | J59: =B59*B$10+D59*D$10+E59*E$10+F59*F$10+G59*G$10+C59*C$10 -> 36000 | K59: =IF($B59,$B$10)+IF($C59,$C$10) -> 24000 | L59: =(IF($B59,$B$10)+IF($C59,$C$10))*$I59 -> 10471.832 | M59: =$O$5-$L59 -> 991.16833 | N59: =IF(AND($B59="",$M59>0),MIN($M59,$B$11),0) -> 0 | O59: =IF($M59<0,0,$M59+$Q59-$N59-$V59) -> 49.558417 | P59: =IF($D59,$D$10)+IF($E59,$E$10)+IF($F59,$F$10)+IF($G59,$G$10) -> 12000 | Q59: =IF($M59<0,0,$M59*$I$4) -> 49.558417 | R59: =(IF($D59,$D$10)+IF($E59,$E$10)+IF($F59,$F$10)+IF($G59,$G$10))*$I59+$Q59 -> 5285.4743 | S59: =IF($P59=0,0,$R59/$P59) -> 0.44045619 | T59: =IF($M59<0,0,MIN(($N59+$O59),$B$11)) -> 49.558417 | U59: =IF(AND($B59=1,$M59<0),MIN(ABS($M59),$B$13),0) -> 0 | V59: =IF($M59<0,0,MIN(($M59-$N59),$C$11)) -> 991.16833 | W59: =IF(AND($C59=1,$M59<0),MIN((ABS($M59)-$U59),$C$13),0) -> 0 | X59: =IF(IF(U59>0,0,$B$11-T59)+IF(W59>0,0,$C$11-V59)>$Q$5,$Q$5,IF(U59>0,0,$B$11-T59)+IF(W59>0,0,$C$11-V59)) -> -200.6025 | Y59: =IF(IF(T59>0,0,$B$11-U59)+IF(V59>0,0,$C$11-W59)>$Q$5,$Q$5,IF(T59>0,0,$B$11-U59)+IF(V59>0,0,$C$11-W59)) -> -200.6025 | Z59: =IF(OR(B59="",NOT($H59="")),"",ROUND(_xlfn.FORECAST.LINEAR($I59,INDEX(Z$3:Z$13,MATCH($I59,$Y$3:$Y$13,1)):INDEX(Z$3:Z$13,MATCH($I59,$Y$3:$Y$13,1)+1),INDEX($Y$3:$Y$13,MATCH($I59,$Y$3:$Y$13,1)):INDEX($Y$3:$Y$13,MATCH($I59,$Y$3:$Y$13,1)+1)),0)) -> 169 | AA59: =IF(OR(C59="",NOT($H59="")),"",ROUND(_xlfn.FORECAST.LINEAR($I59,INDEX(AA$3:AA$13,MATCH($I59,$Y$3:$Y$13,1)):INDEX(AA$3:AA$13,MATCH($I59,$Y$3:$Y$13,1)+1),INDEX($Y$3:$Y$13,MATCH($I59,$Y$3:$Y$13,1)):INDEX($Y$3:$Y$13,MATCH($I59,$Y$3:$Y$13,1)+1)),0)) | AB59: =IF(OR(D59="",NOT($H59="")),"",ROUND(_xlfn.FORECAST.LINEAR($S59,INDEX(AB$3:AB$13,MATCH($S59,$Y$3:$Y$13,1)):INDEX(AB$3:AB$13,MATCH($S59,$Y$3:$Y$13,1)+1),INDEX($Y$3:$Y$13,MATCH($S59,$Y$3:$Y$13,1)):INDEX($Y$3:$Y$13,MATCH($S59,$Y$3:$Y$13,1)+1)),0)) -> 198 | AC59: =IF(OR(E59="",NOT($H59="")),"",ROUND(_xlfn.FORECAST.LINEAR($S59,INDEX(AC$3:AC$13,MATCH($S59,$Y$3:$Y$13,1)):INDEX(AC$3:AC$13,MATCH($S59,$Y$3:$Y$13,1)+1),INDEX($Y$3:$Y$13,MATCH($S59,$Y$3:$Y$13,1)):INDEX($Y$3:$Y$13,MATCH($S59,$Y$3:$Y$13,1)+1)),0)) -> 198 | AD59: =IF(OR(F59="",NOT($H59="")),"",ROUND(_xlfn.FORECAST.LINEAR($S59,INDEX(AD$3:AD$13,MATCH($S59,$Y$3:$Y$13,1)):INDEX(AD$3:AD$13,MATCH($S59,$Y$3:$Y$13,1)+1),INDEX($Y$3:$Y$13,MATCH($S59,$Y$3:$Y$13,1)):INDEX($Y$3:$Y$13,MATCH($S59,$Y$3:$Y$13,1)+1)),0)) -> 190 | AE59: =IF(OR(G59="",NOT($H59="")),"",ROUND(_xlfn.FORECAST.LINEAR($S59,INDEX(AE$3:AE$13,MATCH($S59,$Y$3:$Y$13,1)):INDEX(AE$3:AE$13,MATCH($S59,$Y$3:$Y$13,1)+1),INDEX($Y$3:$Y$13,MATCH($S59,$Y$3:$Y$13,1)):INDEX($Y$3:$Y$13,MATCH($S59,$Y$3:$Y$13,1)+1)),0)) | AF59: =IF($H59="",SUM(Z59:AE59),"") -> 755 | AG59: =IF(AND($AF59=$AF$17,B59=1),B$9,"") | AH59: =IF(AND($AF59=$AF$17,C59=1),C$9,"") | AI59: =IF(AND($AF59=$AF$17,D59=1),D$9,"") | AJ59: =IF(AND($AF59=$AF$17,E59=1),E$9,"") | AK59: =IF(AND($AF59=$AF$17,F59=1),F$9,"") | AL59: =IF(AND($AF59=$AF$17,G59=1),G$9,"") | AM59: =(Z59*L59)/1000+(AB59*R59/3)/1000+(AC59*R59/3)/1000+(AD59*R59/3)/1000 -> 2802.1689 | AN59: =AM59*3.206 -> 8983.7533
B60: 1 | D60: 1 | E60: 1 | G60: 1 | H60: =IF($R$8>$J60,"Insufficient pwr",IF(OR(($M60-$T60-$V60)>0,$X60<$Q$5),"Insufficient PTI",IF(OR(($M60+$U60+$W60)<0,$Y60<$Q$5),"Insufficient PTO",IF(($P60-$R60)<0,"Insufficient AUX","")))) | I60: =$R$8/$J60 -> 0.43632632 | J60: =B60*B$10+D60*D$10+E60*E$10+F60*F$10+G60*G$10+C60*C$10 -> 36000 | K60: =IF($B60,$B$10)+IF($C60,$C$10) -> 24000 | L60: =(IF($B60,$B$10)+IF($C60,$C$10))*$I60 -> 10471.832 | M60: =$O$5-$L60 -> 991.16833 | N60: =IF(AND($B60="",$M60>0),MIN($M60,$B$11),0) -> 0 | O60: =IF($M60<0,0,$M60+$Q60-$N60-$V60) -> 49.558417 | P60: =IF($D60,$D$10)+IF($E60,$E$10)+IF($F60,$F$10)+IF($G60,$G$10) -> 12000 | Q60: =IF($M60<0,0,$M60*$I$4) -> 49.558417 | R60: =(IF($D60,$D$10)+IF($E60,$E$10)+IF($F60,$F$10)+IF($G60,$G$10))*$I60+$Q60 -> 5285.4743 | S60: =IF($P60=0,0,$R60/$P60) -> 0.44045619 | T60: =IF($M60<0,0,MIN(($N60+$O60),$B$11)) -> 49.558417 | U60: =IF(AND($B60=1,$M60<0),MIN(ABS($M60),$B$13),0) -> 0 | V60: =IF($M60<0,0,MIN(($M60-$N60),$C$11)) -> 991.16833 | W60: =IF(AND($C60=1,$M60<0),MIN((ABS($M60)-$U60),$C$13),0) -> 0 | X60: =IF(IF(U60>0,0,$B$11-T60)+IF(W60>0,0,$C$11-V60)>$Q$5,$Q$5,IF(U60>0,0,$B$11-T60)+IF(W60>0,0,$C$11-V60)) -> -200.6025 | Y60: =IF(IF(T60>0,0,$B$11-U60)+IF(V60>0,0,$C$11-W60)>$Q$5,$Q$5,IF(T60>0,0,$B$11-U60)+IF(V60>0,0,$C$11-W60)) -> -200.6025 | Z60: =IF(OR(B60="",NOT($H60="")),"",ROUND(_xlfn.FORECAST.LINEAR($I60,INDEX(Z$3:Z$13,MATCH($I60,$Y$3:$Y$13,1)):INDEX(Z$3:Z$13,MATCH($I60,$Y$3:$Y$13,1)+1),INDEX($Y$3:$Y$13,MATCH($I60,$Y$3:$Y$13,1)):INDEX($Y$3:$Y$13,MATCH($I60,$Y$3:$Y$13,1)+1)),0)) -> 169 | AA60: =IF(OR(C60="",NOT($H60="")),"",ROUND(_xlfn.FORECAST.LINEAR($I60,INDEX(AA$3:AA$13,MATCH($I60,$Y$3:$Y$13,1)):INDEX(AA$3:AA$13,MATCH($I60,$Y$3:$Y$13,1)+1),INDEX($Y$3:$Y$13,MATCH($I60,$Y$3:$Y$13,1)):INDEX($Y$3:$Y$13,MATCH($I60,$Y$3:$Y$13,1)+1)),0)) | AB60: =IF(OR(D60="",NOT($H60="")),"",ROUND(_xlfn.FORECAST.LINEAR($S60,INDEX(AB$3:AB$13,MATCH($S60,$Y$3:$Y$13,1)):INDEX(AB$3:AB$13,MATCH($S60,$Y$3:$Y$13,1)+1),INDEX($Y$3:$Y$13,MATCH($S60,$Y$3:$Y$13,1)):INDEX($Y$3:$Y$13,MATCH($S60,$Y$3:$Y$13,1)+1)),0)) -> 198 | AC60: =IF(OR(E60="",NOT($H60="")),"",ROUND(_xlfn.FORECAST.LINEAR($S60,INDEX(AC$3:AC$13,MATCH($S60,$Y$3:$Y$13,1)):INDEX(AC$3:AC$13,MATCH($S60,$Y$3:$Y$13,1)+1),INDEX($Y$3:$Y$13,MATCH($S60,$Y$3:$Y$13,1)):INDEX($Y$3:$Y$13,MATCH($S60,$Y$3:$Y$13,1)+1)),0)) -> 198 | AD60: =IF(OR(F60="",NOT($H60="")),"",ROUND(_xlfn.FORECAST.LINEAR($S60,INDEX(AD$3:AD$13,MATCH($S60,$Y$3:$Y$13,1)):INDEX(AD$3:AD$13,MATCH($S60,$Y$3:$Y$13,1)+1),INDEX($Y$3:$Y$13,MATCH($S60,$Y$3:$Y$13,1)):INDEX($Y$3:$Y$13,MATCH($S60,$Y$3:$Y$13,1)+1)),0)) | AE60: =IF(OR(G60="",NOT($H60="")),"",ROUND(_xlfn.FORECAST.LINEAR($S60,INDEX(AE$3:AE$13,MATCH($S60,$Y$3:$Y$13,1)):INDEX(AE$3:AE$13,MATCH($S60,$Y$3:$Y$13,1)+1),INDEX($Y$3:$Y$13,MATCH($S60,$Y$3:$Y$13,1)):INDEX($Y$3:$Y$13,MATCH($S60,$Y$3:$Y$13,1)+1)),0)) -> 218 | AF60: =IF($H60="",SUM(Z60:AE60),"") -> 783 | AG60: =IF(AND($AF60=$AF$17,B60=1),B$9,"") | AH60: =IF(AND($AF60=$AF$17,C60=1),C$9,"") | AI60: =IF(AND($AF60=$AF$17,D60=1),D$9,"") | AJ60: =IF(AND($AF60=$AF$17,E60=1),E$9,"") | AK60: =IF(AND($AF60=$AF$17,F60=1),F$9,"") | AL60: =IF(AND($AF60=$AF$17,G60=1),G$9,"")
B61: 1 | E61: 1 | F61: 1 | G61: 1 | H61: =IF($R$8>$J61,"Insufficient pwr",IF(OR(($M61-$T61-$V61)>0,$X61<$Q$5),"Insufficient PTI",IF(OR(($M61+$U61+$W61)<0,$Y61<$Q$5),"Insufficient PTO",IF(($P61-$R61)<0,"Insufficient AUX","")))) | I61: =$R$8/$J61 -> 0.43632632 | J61: =B61*B$10+D61*D$10+E61*E$10+F61*F$10+G61*G$10+C61*C$10 -> 36000 | K61: =IF($B61,$B$10)+IF($C61,$C$10) -> 24000 | L61: =(IF($B61,$B$10)+IF($C61,$C$10))*$I61 -> 10471.832 | M61: =$O$5-$L61 -> 991.16833 | N61: =IF(AND($B61="",$M61>0),MIN($M61,$B$11),0) -> 0 | O61: =IF($M61<0,0,$M61+$Q61-$N61-$V61) -> 49.558417 | P61: =IF($D61,$D$10)+IF($E61,$E$10)+IF($F61,$F$10)+IF($G61,$G$10) -> 12000 | Q61: =IF($M61<0,0,$M61*$I$4) -> 49.558417 | R61: =(IF($D61,$D$10)+IF($E61,$E$10)+IF($F61,$F$10)+IF($G61,$G$10))*$I61+$Q61 -> 5285.4743 | S61: =IF($P61=0,0,$R61/$P61) -> 0.44045619 | T61: =IF($M61<0,0,MIN(($N61+$O61),$B$11)) -> 49.558417 | U61: =IF(AND($B61=1,$M61<0),MIN(ABS($M61),$B$13),0) -> 0 | V61: =IF($M61<0,0,MIN(($M61-$N61),$C$11)) -> 991.16833 | W61: =IF(AND($C61=1,$M61<0),MIN((ABS($M61)-$U61),$C$13),0) -> 0 | X61: =IF(IF(U61>0,0,$B$11-T61)+IF(W61>0,0,$C$11-V61)>$Q$5,$Q$5,IF(U61>0,0,$B$11-T61)+IF(W61>0,0,$C$11-V61)) -> -200.6025 | Y61: =IF(IF(T61>0,0,$B$11-U61)+IF(V61>0,0,$C$11-W61)>$Q$5,$Q$5,IF(T61>0,0,$B$11-U61)+IF(V61>0,0,$C$11-W61)) -> -200.6025 | Z61: =IF(OR(B61="",NOT($H61="")),"",ROUND(_xlfn.FORECAST.LINEAR($I61,INDEX(Z$3:Z$13,MATCH($I61,$Y$3:$Y$13,1)):INDEX(Z$3:Z$13,MATCH($I61,$Y$3:$Y$13,1)+1),INDEX($Y$3:$Y$13,MATCH($I61,$Y$3:$Y$13,1)):INDEX($Y$3:$Y$13,MATCH($I61,$Y$3:$Y$13,1)+1)),0)) -> 169 | AA61: =IF(OR(C61="",NOT($H61="")),"",ROUND(_xlfn.FORECAST.LINEAR($I61,INDEX(AA$3:AA$13,MATCH($I61,$Y$3:$Y$13,1)):INDEX(AA$3:AA$13,MATCH($I61,$Y$3:$Y$13,1)+1),INDEX($Y$3:$Y$13,MATCH($I61,$Y$3:$Y$13,1)):INDEX($Y$3:$Y$13,MATCH($I61,$Y$3:$Y$13,1)+1)),0)) | AB61: =IF(OR(D61="",NOT($H61="")),"",ROUND(_xlfn.FORECAST.LINEAR($S61,INDEX(AB$3:AB$13,MATCH($S61,$Y$3:$Y$13,1)):INDEX(AB$3:AB$13,MATCH($S61,$Y$3:$Y$13,1)+1),INDEX($Y$3:$Y$13,MATCH($S61,$Y$3:$Y$13,1)):INDEX($Y$3:$Y$13,MATCH($S61,$Y$3:$Y$13,1)+1)),0)) | AC61: =IF(OR(E61="",NOT($H61="")),"",ROUND(_xlfn.FORECAST.LINEAR($S61,INDEX(AC$3:AC$13,MATCH($S61,$Y$3:$Y$13,1)):INDEX(AC$3:AC$13,MATCH($S61,$Y$3:$Y$13,1)+1),INDEX($Y$3:$Y$13,MATCH($S61,$Y$3:$Y$13,1)):INDEX($Y$3:$Y$13,MATCH($S61,$Y$3:$Y$13,1)+1)),0)) -> 198 | AD61: =IF(OR(F61="",NOT($H61="")),"",ROUND(_xlfn.FORECAST.LINEAR($S61,INDEX(AD$3:AD$13,MATCH($S61,$Y$3:$Y$13,1)):INDEX(AD$3:AD$13,MATCH($S61,$Y$3:$Y$13,1)+1),INDEX($Y$3:$Y$13,MATCH($S61,$Y$3:$Y$13,1)):INDEX($Y$3:$Y$13,MATCH($S61,$Y$3:$Y$13,1)+1)),0)) -> 190 | AE61: =IF(OR(G61="",NOT($H61="")),"",ROUND(_xlfn.FORECAST.LINEAR($S61,INDEX(AE$3:AE$13,MATCH($S61,$Y$3:$Y$13,1)):INDEX(AE$3:AE$13,MATCH($S61,$Y$3:$Y$13,1)+1),INDEX($Y$3:$Y$13,MATCH($S61,$Y$3:$Y$13,1)):INDEX($Y$3:$Y$13,MATCH($S61,$Y$3:$Y$13,1)+1)),0)) -> 218 | AF61: =IF($H61="",SUM(Z61:AE61),"") -> 775 | AG61: =IF(AND($AF61=$AF$17,B61=1),B$9,"") | AH61: =IF(AND($AF61=$AF$17,C61=1),C$9,"") | AI61: =IF(AND($AF61=$AF$17,D61=1),D$9,"") | AJ61: =IF(AND($AF61=$AF$17,E61=1),E$9,"") | AK61: =IF(AND($AF61=$AF$17,F61=1),F$9,"") | AL61: =IF(AND($AF61=$AF$17,G61=1),G$9,"")
C62: 1 | D62: 1 | E62: 1 | F62: 1 | H62: =IF($R$8>$J62,"Insufficient pwr",IF(OR(($M62-$T62-$V62)>0,$X62<$Q$5),"Insufficient PTI",IF(OR(($M62+$U62+$W62)<0,$Y62<$Q$5),"Insufficient PTO",IF(($P62-$R62)<0,"Insufficient AUX","")))) | I62: =$R$8/$J62 -> 0.43632632 | J62: =B62*B$10+D62*D$10+E62*E$10+F62*F$10+G62*G$10+C62*C$10 -> 36000 | K62: =IF($B62,$B$10)+IF($C62,$C$10) -> 24000 | L62: =(IF($B62,$B$10)+IF($C62,$C$10))*$I62 -> 10471.832 | M62: =$O$5-$L62 -> 991.16833 | N62: =IF(AND($B62="",$M62>0),MIN($M62,$B$11),0) -> 991.16833 | O62: =IF($M62<0,0,$M62+$Q62-$N62-$V62) -> 49.558417 | P62: =IF($D62,$D$10)+IF($E62,$E$10)+IF($F62,$F$10)+IF($G62,$G$10) -> 12000 | Q62: =IF($M62<0,0,$M62*$I$4) -> 49.558417 | R62: =(IF($D62,$D$10)+IF($E62,$E$10)+IF($F62,$F$10)+IF($G62,$G$10))*$I62+$Q62 -> 5285.4743 | S62: =IF($P62=0,0,$R62/$P62) -> 0.44045619 | T62: =IF($M62<0,0,MIN(($N62+$O62),$B$11)) -> 1040.7267 | U62: =IF(AND($B62=1,$M62<0),MIN(ABS($M62),$B$13),0) -> 0 | V62: =IF($M62<0,0,MIN(($M62-$N62),$C$11)) -> 0 | W62: =IF(AND($C62=1,$M62<0),MIN((ABS($M62)-$U62),$C$13),0) -> 0 | X62: =IF(IF(U62>0,0,$B$11-T62)+IF(W62>0,0,$C$11-V62)>$Q$5,$Q$5,IF(U62>0,0,$B$11-T62)+IF(W62>0,0,$C$11-V62)) -> -200.6025 | Y62: =IF(IF(T62>0,0,$B$11-U62)+IF(V62>0,0,$C$11-W62)>$Q$5,$Q$5,IF(T62>0,0,$B$11-U62)+IF(V62>0,0,$C$11-W62)) -> -200.6025 | Z62: =IF(OR(B62="",NOT($H62="")),"",ROUND(_xlfn.FORECAST.LINEAR($I62,INDEX(Z$3:Z$13,MATCH($I62,$Y$3:$Y$13,1)):INDEX(Z$3:Z$13,MATCH($I62,$Y$3:$Y$13,1)+1),INDEX($Y$3:$Y$13,MATCH($I62,$Y$3:$Y$13,1)):INDEX($Y$3:$Y$13,MATCH($I62,$Y$3:$Y$13,1)+1)),0)) | AA62: =IF(OR(C62="",NOT($H62="")),"",ROUND(_xlfn.FORECAST.LINEAR($I62,INDEX(AA$3:AA$13,MATCH($I62,$Y$3:$Y$13,1)):INDEX(AA$3:AA$13,MATCH($I62,$Y$3:$Y$13,1)+1),INDEX($Y$3:$Y$13,MATCH($I62,$Y$3:$Y$13,1)):INDEX($Y$3:$Y$13,MATCH($I62,$Y$3:$Y$13,1)+1)),0)) -> 169 | AB62: =IF(OR(D62="",NOT($H62="")),"",ROUND(_xlfn.FORECAST.LINEAR($S62,INDEX(AB$3:AB$13,MATCH($S62,$Y$3:$Y$13,1)):INDEX(AB$3:AB$13,MATCH($S62,$Y$3:$Y$13,1)+1),INDEX($Y$3:$Y$13,MATCH($S62,$Y$3:$Y$13,1)):INDEX($Y$3:$Y$13,MATCH($S62,$Y$3:$Y$13,1)+1)),0)) -> 198 | AC62: =IF(OR(E62="",NOT($H62="")),"",ROUND(_xlfn.FORECAST.LINEAR($S62,INDEX(AC$3:AC$13,MATCH($S62,$Y$3:$Y$13,1)):INDEX(AC$3:AC$13,MATCH($S62,$Y$3:$Y$13,1)+1),INDEX($Y$3:$Y$13,MATCH($S62,$Y$3:$Y$13,1)):INDEX($Y$3:$Y$13,MATCH($S62,$Y$3:$Y$13,1)+1)),0)) -> 198 | AD62: =IF(OR(F62="",NOT($H62="")),"",ROUND(_xlfn.FORECAST.LINEAR($S62,INDEX(AD$3:AD$13,MATCH($S62,$Y$3:$Y$13,1)):INDEX(AD$3:AD$13,MATCH($S62,$Y$3:$Y$13,1)+1),INDEX($Y$3:$Y$13,MATCH($S62,$Y$3:$Y$13,1)):INDEX($Y$3:$Y$13,MATCH($S62,$Y$3:$Y$13,1)+1)),0)) -> 190 | AE62: =IF(OR(G62="",NOT($H62="")),"",ROUND(_xlfn.FORECAST.LINEAR($S62,INDEX(AE$3:AE$13,MATCH($S62,$Y$3:$Y$13,1)):INDEX(AE$3:AE$13,MATCH($S62,$Y$3:$Y$13,1)+1),INDEX($Y$3:$Y$13,MATCH($S62,$Y$3:$Y$13,1)):INDEX($Y$3:$Y$13,MATCH($S62,$Y$3:$Y$13,1)+1)),0)) | AF62: =IF($H62="",SUM(Z62:AE62),"") -> 755 | AG62: =IF(AND($AF62=$AF$17,B62=1),B$9,"") | AH62: =IF(AND($AF62=$AF$17,C62=1),C$9,"") | AI62: =IF(AND($AF62=$AF$17,D62=1),D$9,"") | AJ62: =IF(AND($AF62=$AF$17,E62=1),E$9,"") | AK62: =IF(AND($AF62=$AF$17,F62=1),F$9,"") | AL62: =IF(AND($AF62=$AF$17,G62=1),G$9,"")
C63: 1 | D63: 1 | E63: 1 | G63: 1 | H63: =IF($R$8>$J63,"Insufficient pwr",IF(OR(($M63-$T63-$V63)>0,$X63<$Q$5),"Insufficient PTI",IF(OR(($M63+$U63+$W63)<0,$Y63<$Q$5),"Insufficient PTO",IF(($P63-$R63)<0,"Insufficient AUX","")))) | I63: =$R$8/$J63 -> 0.43632632 | J63: =B63*B$10+D63*D$10+E63*E$10+F63*F$10+G63*G$10+C63*C$10 -> 36000 | K63: =IF($B63,$B$10)+IF($C63,$C$10) -> 24000 | L63: =(IF($B63,$B$10)+IF($C63,$C$10))*$I63 -> 10471.832 | M63: =$O$5-$L63 -> 991.16833 | N63: =IF(AND($B63="",$M63>0),MIN($M63,$B$11),0) -> 991.16833 | O63: =IF($M63<0,0,$M63+$Q63-$N63-$V63) -> 49.558417 | P63: =IF($D63,$D$10)+IF($E63,$E$10)+IF($F63,$F$10)+IF($G63,$G$10) -> 12000 | Q63: =IF($M63<0,0,$M63*$I$4) -> 49.558417 | R63: =(IF($D63,$D$10)+IF($E63,$E$10)+IF($F63,$F$10)+IF($G63,$G$10))*$I63+$Q63 -> 5285.4743 | S63: =IF($P63=0,0,$R63/$P63) -> 0.44045619 | T63: =IF($M63<0,0,MIN(($N63+$O63),$B$11)) -> 1040.7267 | U63: =IF(AND($B63=1,$M63<0),MIN(ABS($M63),$B$13),0) -> 0 | V63: =IF($M63<0,0,MIN(($M63-$N63),$C$11)) -> 0 | W63: =IF(AND($C63=1,$M63<0),MIN((ABS($M63)-$U63),$C$13),0) -> 0 | X63: =IF(IF(U63>0,0,$B$11-T63)+IF(W63>0,0,$C$11-V63)>$Q$5,$Q$5,IF(U63>0,0,$B$11-T63)+IF(W63>0,0,$C$11-V63)) -> -200.6025 | Y63: =IF(IF(T63>0,0,$B$11-U63)+IF(V63>0,0,$C$11-W63)>$Q$5,$Q$5,IF(T63>0,0,$B$11-U63)+IF(V63>0,0,$C$11-W63)) -> -200.6025 | Z63: =IF(OR(B63="",NOT($H63="")),"",ROUND(_xlfn.FORECAST.LINEAR($I63,INDEX(Z$3:Z$13,MATCH($I63,$Y$3:$Y$13,1)):INDEX(Z$3:Z$13,MATCH($I63,$Y$3:$Y$13,1)+1),INDEX($Y$3:$Y$13,MATCH($I63,$Y$3:$Y$13,1)):INDEX($Y$3:$Y$13,MATCH($I63,$Y$3:$Y$13,1)+1)),0)) | AA63: =IF(OR(C63="",NOT($H63="")),"",ROUND(_xlfn.FORECAST.LINEAR($I63,INDEX(AA$3:AA$13,MATCH($I63,$Y$3:$Y$13,1)):INDEX(AA$3:AA$13,MATCH($I63,$Y$3:$Y$13,1)+1),INDEX($Y$3:$Y$13,MATCH($I63,$Y$3:$Y$13,1)):INDEX($Y$3:$Y$13,MATCH($I63,$Y$3:$Y$13,1)+1)),0)) -> 169 | AB63: =IF(OR(D63="",NOT($H63="")),"",ROUND(_xlfn.FORECAST.LINEAR($S63,INDEX(AB$3:AB$13,MATCH($S63,$Y$3:$Y$13,1)):INDEX(AB$3:AB$13,MATCH($S63,$Y$3:$Y$13,1)+1),INDEX($Y$3:$Y$13,MATCH($S63,$Y$3:$Y$13,1)):INDEX($Y$3:$Y$13,MATCH($S63,$Y$3:$Y$13,1)+1)),0)) -> 198 | AC63: =IF(OR(E63="",NOT($H63="")),"",ROUND(_xlfn.FORECAST.LINEAR($S63,INDEX(AC$3:AC$13,MATCH($S63,$Y$3:$Y$13,1)):INDEX(AC$3:AC$13,MATCH($S63,$Y$3:$Y$13,1)+1),INDEX($Y$3:$Y$13,MATCH($S63,$Y$3:$Y$13,1)):INDEX($Y$3:$Y$13,MATCH($S63,$Y$3:$Y$13,1)+1)),0)) -> 198 | AD63: =IF(OR(F63="",NOT($H63="")),"",ROUND(_xlfn.FORECAST.LINEAR($S63,INDEX(AD$3:AD$13,MATCH($S63,$Y$3:$Y$13,1)):INDEX(AD$3:AD$13,MATCH($S63,$Y$3:$Y$13,1)+1),INDEX($Y$3:$Y$13,MATCH($S63,$Y$3:$Y$13,1)):INDEX($Y$3:$Y$13,MATCH($S63,$Y$3:$Y$13,1)+1)),0)) | AE63: =IF(OR(G63="",NOT($H63="")),"",ROUND(_xlfn.FORECAST.LINEAR($S63,INDEX(AE$3:AE$13,MATCH($S63,$Y$3:$Y$13,1)):INDEX(AE$3:AE$13,MATCH($S63,$Y$3:$Y$13,1)+1),INDEX($Y$3:$Y$13,MATCH($S63,$Y$3:$Y$13,1)):INDEX($Y$3:$Y$13,MATCH($S63,$Y$3:$Y$13,1)+1)),0)) -> 218 | AF63: =IF($H63="",SUM(Z63:AE63),"") -> 783 | AG63: =IF(AND($AF63=$AF$17,B63=1),B$9,"") | AH63: =IF(AND($AF63=$AF$17,C63=1),C$9,"") | AI63: =IF(AND($AF63=$AF$17,D63=1),D$9,"") | AJ63: =IF(AND($AF63=$AF$17,E63=1),E$9,"") | AK63: =IF(AND($AF63=$AF$17,F63=1),F$9,"") | AL63: =IF(AND($AF63=$AF$17,G63=1),G$9,"")
C64: 1 | D64: 1 | F64: 1 | G64: 1 | H64: =IF($R$8>$J64,"Insufficient pwr",IF(OR(($M64-$T64-$V64)>0,$X64<$Q$5),"Insufficient PTI",IF(OR(($M64+$U64+$W64)<0,$Y64<$Q$5),"Insufficient PTO",IF(($P64-$R64)<0,"Insufficient AUX","")))) | I64: =$R$8/$J64 -> 0.43632632 | J64: =B64*B$10+D64*D$10+E64*E$10+F64*F$10+G64*G$10+C64*C$10 -> 36000 | K64: =IF($B64,$B$10)+IF($C64,$C$10) -> 24000 | L64: =(IF($B64,$B$10)+IF($C64,$C$10))*$I64 -> 10471.832 | M64: =$O$5-$L64 -> 991.16833 | N64: =IF(AND($B64="",$M64>0),MIN($M64,$B$11),0) -> 991.16833 | O64: =IF($M64<0,0,$M64+$Q64-$N64-$V64) -> 49.558417 | P64: =IF($D64,$D$10)+IF($E64,$E$10)+IF($F64,$F$10)+IF($G64,$G$10) -> 12000 | Q64: =IF($M64<0,0,$M64*$I$4) -> 49.558417 | R64: =(IF($D64,$D$10)+IF($E64,$E$10)+IF($F64,$F$10)+IF($G64,$G$10))*$I64+$Q64 -> 5285.4743 | S64: =IF($P64=0,0,$R64/$P64) -> 0.44045619 | T64: =IF($M64<0,0,MIN(($N64+$O64),$B$11)) -> 1040.7267 | U64: =IF(AND($B64=1,$M64<0),MIN(ABS($M64),$B$13),0) -> 0 | V64: =IF($M64<0,0,MIN(($M64-$N64),$C$11)) -> 0 | W64: =IF(AND($C64=1,$M64<0),MIN((ABS($M64)-$U64),$C$13),0) -> 0 | X64: =IF(IF(U64>0,0,$B$11-T64)+IF(W64>0,0,$C$11-V64)>$Q$5,$Q$5,IF(U64>0,0,$B$11-T64)+IF(W64>0,0,$C$11-V64)) -> -200.6025 | Y64: =IF(IF(T64>0,0,$B$11-U64)+IF(V64>0,0,$C$11-W64)>$Q$5,$Q$5,IF(T64>0,0,$B$11-U64)+IF(V64>0,0,$C$11-W64)) -> -200.6025 | Z64: =IF(OR(B64="",NOT($H64="")),"",ROUND(_xlfn.FORECAST.LINEAR($I64,INDEX(Z$3:Z$13,MATCH($I64,$Y$3:$Y$13,1)):INDEX(Z$3:Z$13,MATCH($I64,$Y$3:$Y$13,1)+1),INDEX($Y$3:$Y$13,MATCH($I64,$Y$3:$Y$13,1)):INDEX($Y$3:$Y$13,MATCH($I64,$Y$3:$Y$13,1)+1)),0)) | AA64: =IF(OR(C64="",NOT($H64="")),"",ROUND(_xlfn.FORECAST.LINEAR($I64,INDEX(AA$3:AA$13,MATCH($I64,$Y$3:$Y$13,1)):INDEX(AA$3:AA$13,MATCH($I64,$Y$3:$Y$13,1)+1),INDEX($Y$3:$Y$13,MATCH($I64,$Y$3:$Y$13,1)):INDEX($Y$3:$Y$13,MATCH($I64,$Y$3:$Y$13,1)+1)),0)) -> 169 | AB64: =IF(OR(D64="",NOT($H64="")),"",ROUND(_xlfn.FORECAST.LINEAR($S64,INDEX(AB$3:AB$13,MATCH($S64,$Y$3:$Y$13,1)):INDEX(AB$3:AB$13,MATCH($S64,$Y$3:$Y$13,1)+1),INDEX($Y$3:$Y$13,MATCH($S64,$Y$3:$Y$13,1)):INDEX($Y$3:$Y$13,MATCH($S64,$Y$3:$Y$13,1)+1)),0)) -> 198 | AC64: =IF(OR(E64="",NOT($H64="")),"",ROUND(_xlfn.FORECAST.LINEAR($S64,INDEX(AC$3:AC$13,MATCH($S64,$Y$3:$Y$13,1)):INDEX(AC$3:AC$13,MATCH($S64,$Y$3:$Y$13,1)+1),INDEX($Y$3:$Y$13,MATCH($S64,$Y$3:$Y$13,1)):INDEX($Y$3:$Y$13,MATCH($S64,$Y$3:$Y$13,1)+1)),0)) | AD64: =IF(OR(F64="",NOT($H64="")),"",ROUND(_xlfn.FORECAST.LINEAR($S64,INDEX(AD$3:AD$13,MATCH($S64,$Y$3:$Y$13,1)):INDEX(AD$3:AD$13,MATCH($S64,$Y$3:$Y$13,1)+1),INDEX($Y$3:$Y$13,MATCH($S64,$Y$3:$Y$13,1)):INDEX($Y$3:$Y$13,MATCH($S64,$Y$3:$Y$13,1)+1)),0)) -> 190 | AE64: =IF(OR(G64="",NOT($H64="")),"",ROUND(_xlfn.FORECAST.LINEAR($S64,INDEX(AE$3:AE$13,MATCH($S64,$Y$3:$Y$13,1)):INDEX(AE$3:AE$13,MATCH($S64,$Y$3:$Y$13,1)+1),INDEX($Y$3:$Y$13,MATCH($S64,$Y$3:$Y$13,1)):INDEX($Y$3:$Y$13,MATCH($S64,$Y$3:$Y$13,1)+1)),0)) -> 218 | AF64: =IF($H64="",SUM(Z64:AE64),"") -> 775 | AG64: =IF(AND($AF64=$AF$17,B64=1),B$9,"") | AH64: =IF(AND($AF64=$AF$17,C64=1),C$9,"") | AI64: =IF(AND($AF64=$AF$17,D64=1),D$9,"") | AJ64: =IF(AND($AF64=$AF$17,E64=1),E$9,"") | AK64: =IF(AND($AF64=$AF$17,F64=1),F$9,"") | AL64: =IF(AND($AF64=$AF$17,G64=1),G$9,"") | AM64: =(AA64*L64)/1000+(AB64*R64/3)/1000+(AD64*R64/3)/1000+(AE64*R64/3)/1000 -> 2837.4054 | AN64: =AM64*3.206 -> 9096.7216
C65: 1 | E65: 1 | F65: 1 | G65: 1 | H65: =IF($R$8>$J65,"Insufficient pwr",IF(OR(($M65-$T65-$V65)>0,$X65<$Q$5),"Insufficient PTI",IF(OR(($M65+$U65+$W65)<0,$Y65<$Q$5),"Insufficient PTO",IF(($P65-$R65)<0,"Insufficient AUX","")))) | I65: =$R$8/$J65 -> 0.43632632 | J65: =B65*B$10+D65*D$10+E65*E$10+F65*F$10+G65*G$10+C65*C$10 -> 36000 | K65: =IF($B65,$B$10)+IF($C65,$C$10) -> 24000 | L65: =(IF($B65,$B$10)+IF($C65,$C$10))*$I65 -> 10471.832 | M65: =$O$5-$L65 -> 991.16833 | N65: =IF(AND($B65="",$M65>0),MIN($M65,$B$11),0) -> 991.16833 | O65: =IF($M65<0,0,$M65+$Q65-$N65-$V65) -> 49.558417 | P65: =IF($D65,$D$10)+IF($E65,$E$10)+IF($F65,$F$10)+IF($G65,$G$10) -> 12000 | Q65: =IF($M65<0,0,$M65*$I$4) -> 49.558417 | R65: =(IF($D65,$D$10)+IF($E65,$E$10)+IF($F65,$F$10)+IF($G65,$G$10))*$I65+$Q65 -> 5285.4743 | S65: =IF($P65=0,0,$R65/$P65) -> 0.44045619 | T65: =IF($M65<0,0,MIN(($N65+$O65),$B$11)) -> 1040.7267 | U65: =IF(AND($B65=1,$M65<0),MIN(ABS($M65),$B$13),0) -> 0 | V65: =IF($M65<0,0,MIN(($M65-$N65),$C$11)) -> 0 | W65: =IF(AND($C65=1,$M65<0),MIN((ABS($M65)-$U65),$C$13),0) -> 0 | X65: =IF(IF(U65>0,0,$B$11-T65)+IF(W65>0,0,$C$11-V65)>$Q$5,$Q$5,IF(U65>0,0,$B$11-T65)+IF(W65>0,0,$C$11-V65)) -> -200.6025 | Y65: =IF(IF(T65>0,0,$B$11-U65)+IF(V65>0,0,$C$11-W65)>$Q$5,$Q$5,IF(T65>0,0,$B$11-U65)+IF(V65>0,0,$C$11-W65)) -> -200.6025 | Z65: =IF(OR(B65="",NOT($H65="")),"",ROUND(_xlfn.FORECAST.LINEAR($I65,INDEX(Z$3:Z$13,MATCH($I65,$Y$3:$Y$13,1)):INDEX(Z$3:Z$13,MATCH($I65,$Y$3:$Y$13,1)+1),INDEX($Y$3:$Y$13,MATCH($I65,$Y$3:$Y$13,1)):INDEX($Y$3:$Y$13,MATCH($I65,$Y$3:$Y$13,1)+1)),0)) | AA65: =IF(OR(C65="",NOT($H65="")),"",ROUND(_xlfn.FORECAST.LINEAR($I65,INDEX(AA$3:AA$13,MATCH($I65,$Y$3:$Y$13,1)):INDEX(AA$3:AA$13,MATCH($I65,$Y$3:$Y$13,1)+1),INDEX($Y$3:$Y$13,MATCH($I65,$Y$3:$Y$13,1)):INDEX($Y$3:$Y$13,MATCH($I65,$Y$3:$Y$13,1)+1)),0)) -> 169 | AB65: =IF(OR(D65="",NOT($H65="")),"",ROUND(_xlfn.FORECAST.LINEAR($S65,INDEX(AB$3:AB$13,MATCH($S65,$Y$3:$Y$13,1)):INDEX(AB$3:AB$13,MATCH($S65,$Y$3:$Y$13,1)+1),INDEX($Y$3:$Y$13,MATCH($S65,$Y$3:$Y$13,1)):INDEX($Y$3:$Y$13,MATCH($S65,$Y$3:$Y$13,1)+1)),0)) | AC65: =IF(OR(E65="",NOT($H65="")),"",ROUND(_xlfn.FORECAST.LINEAR($S65,INDEX(AC$3:AC$13,MATCH($S65,$Y$3:$Y$13,1)):INDEX(AC$3:AC$13,MATCH($S65,$Y$3:$Y$13,1)+1),INDEX($Y$3:$Y$13,MATCH($S65,$Y$3:$Y$13,1)):INDEX($Y$3:$Y$13,MATCH($S65,$Y$3:$Y$13,1)+1)),0)) -> 198 | AD65: =IF(OR(F65="",NOT($H65="")),"",ROUND(_xlfn.FORECAST.LINEAR($S65,INDEX(AD$3:AD$13,MATCH($S65,$Y$3:$Y$13,1)):INDEX(AD$3:AD$13,MATCH($S65,$Y$3:$Y$13,1)+1),INDEX($Y$3:$Y$13,MATCH($S65,$Y$3:$Y$13,1)):INDEX($Y$3:$Y$13,MATCH($S65,$Y$3:$Y$13,1)+1)),0)) -> 190 | AE65: =IF(OR(G65="",NOT($H65="")),"",ROUND(_xlfn.FORECAST.LINEAR($S65,INDEX(AE$3:AE$13,MATCH($S65,$Y$3:$Y$13,1)):INDEX(AE$3:AE$13,MATCH($S65,$Y$3:$Y$13,1)+1),INDEX($Y$3:$Y$13,MATCH($S65,$Y$3:$Y$13,1)):INDEX($Y$3:$Y$13,MATCH($S65,$Y$3:$Y$13,1)+1)),0)) -> 218 | AF65: =IF($H65="",SUM(Z65:AE65),"") -> 775 | AG65: =IF(AND($AF65=$AF$17,B65=1),B$9,"") | AH65: =IF(AND($AF65=$AF$17,C65=1),C$9,"") | AI65: =IF(AND($AF65=$AF$17,D65=1),D$9,"") | AJ65: =IF(AND($AF65=$AF$17,E65=1),E$9,"") | AK65: =IF(AND($AF65=$AF$17,F65=1),F$9,"") | AL65: =IF(AND($AF65=$AF$17,G65=1),G$9,"")
B66: 1 | C66: 1 | D66: 1 | E66: 1 | H66: =IF($R$8>$J66,"Insufficient pwr",IF(OR(($M66-$T66-$V66)>0,$X66<$Q$5),"Insufficient PTI",IF(OR(($M66+$U66+$W66)<0,$Y66<$Q$5),"Insufficient PTO",IF(($P66-$R66)<0,"Insufficient AUX","")))) | I66: =$R$8/$J66 -> 0.28049549 | J66: =B66*B$10+D66*D$10+E66*E$10+F66*F$10+G66*G$10+C66*C$10 -> 56000 | K66: =IF($B66,$B$10)+IF($C66,$C$10) -> 48000 | L66: =(IF($B66,$B$10)+IF($C66,$C$10))*$I66 -> 13463.784 | M66: =$O$5-$L66 -> -2000.7836 | N66: =IF(AND($B66="",$M66>0),MIN($M66,$B$11),0) -> 0 | O66: =IF($M66<0,0,$M66+$Q66-$N66-$V66) -> 0 | P66: =IF($D66,$D$10)+IF($E66,$E$10)+IF($F66,$F$10)+IF($G66,$G$10) -> 8000 | Q66: =IF($M66<0,0,$M66*$I$4) -> 0 | R66: =(IF($D66,$D$10)+IF($E66,$E$10)+IF($F66,$F$10)+IF($G66,$G$10))*$I66+$Q66 -> 2243.9639 | S66: =IF($P66=0,0,$R66/$P66) -> 0.28049549 | T66: =IF($M66<0,0,MIN(($N66+$O66),$B$11)) -> 0 | U66: =IF(AND($B66=1,$M66<0),MIN(ABS($M66),$B$13),0) -> 2000.7836 | V66: =IF($M66<0,0,MIN(($M66-$N66),$C$11)) -> 0 | W66: =IF(AND($C66=1,$M66<0),MIN((ABS($M66)-$U66),$C$13),0) -> 0 | X66: =IF(IF(U66>0,0,$B$11-T66)+IF(W66>0,0,$C$11-V66)>$Q$5,$Q$5,IF(U66>0,0,$B$11-T66)+IF(W66>0,0,$C$11-V66)) -> -200.6025 | Y66: =IF(IF(T66>0,0,$B$11-U66)+IF(V66>0,0,$C$11-W66)>$Q$5,$Q$5,IF(T66>0,0,$B$11-U66)+IF(V66>0,0,$C$11-W66)) -> -200.6025 | Z66: =IF(OR(B66="",NOT($H66="")),"",ROUND(_xlfn.FORECAST.LINEAR($I66,INDEX(Z$3:Z$13,MATCH($I66,$Y$3:$Y$13,1)):INDEX(Z$3:Z$13,MATCH($I66,$Y$3:$Y$13,1)+1),INDEX($Y$3:$Y$13,MATCH($I66,$Y$3:$Y$13,1)):INDEX($Y$3:$Y$13,MATCH($I66,$Y$3:$Y$13,1)+1)),0)) -> 173 | AA66: =IF(OR(C66="",NOT($H66="")),"",ROUND(_xlfn.FORECAST.LINEAR($I66,INDEX(AA$3:AA$13,MATCH($I66,$Y$3:$Y$13,1)):INDEX(AA$3:AA$13,MATCH($I66,$Y$3:$Y$13,1)+1),INDEX($Y$3:$Y$13,MATCH($I66,$Y$3:$Y$13,1)):INDEX($Y$3:$Y$13,MATCH($I66,$Y$3:$Y$13,1)+1)),0)) -> 173 | AB66: =IF(OR(D66="",NOT($H66="")),"",ROUND(_xlfn.FORECAST.LINEAR($S66,INDEX(AB$3:AB$13,MATCH($S66,$Y$3:$Y$13,1)):INDEX(AB$3:AB$13,MATCH($S66,$Y$3:$Y$13,1)+1),INDEX($Y$3:$Y$13,MATCH($S66,$Y$3:$Y$13,1)):INDEX($Y$3:$Y$13,MATCH($S66,$Y$3:$Y$13,1)+1)),0)) -> 222 | AC66: =IF(OR(E66="",NOT($H66="")),"",ROUND(_xlfn.FORECAST.LINEAR($S66,INDEX(AC$3:AC$13,MATCH($S66,$Y$3:$Y$13,1)):INDEX(AC$3:AC$13,MATCH($S66,$Y$3:$Y$13,1)+1),INDEX($Y$3:$Y$13,MATCH($S66,$Y$3:$Y$13,1)):INDEX($Y$3:$Y$13,MATCH($S66,$Y$3:$Y$13,1)+1)),0)) -> 222 | AD66: =IF(OR(F66="",NOT($H66="")),"",ROUND(_xlfn.FORECAST.LINEAR($S66,INDEX(AD$3:AD$13,MATCH($S66,$Y$3:$Y$13,1)):INDEX(AD$3:AD$13,MATCH($S66,$Y$3:$Y$13,1)+1),INDEX($Y$3:$Y$13,MATCH($S66,$Y$3:$Y$13,1)):INDEX($Y$3:$Y$13,MATCH($S66,$Y$3:$Y$13,1)+1)),0)) | AE66: =IF(OR(G66="",NOT($H66="")),"",ROUND(_xlfn.FORECAST.LINEAR($S66,INDEX(AE$3:AE$13,MATCH($S66,$Y$3:$Y$13,1)):INDEX(AE$3:AE$13,MATCH($S66,$Y$3:$Y$13,1)+1),INDEX($Y$3:$Y$13,MATCH($S66,$Y$3:$Y$13,1)):INDEX($Y$3:$Y$13,MATCH($S66,$Y$3:$Y$13,1)+1)),0)) | AF66: =IF($H66="",SUM(Z66:AE66),"") -> 790 | AG66: =IF(AND($AF66=$AF$17,B66=1),B$9,"") | AH66: =IF(AND($AF66=$AF$17,C66=1),C$9,"") | AI66: =IF(AND($AF66=$AF$17,D66=1),D$9,"") | AJ66: =IF(AND($AF66=$AF$17,E66=1),E$9,"") | AK66: =IF(AND($AF66=$AF$17,F66=1),F$9,"") | AL66: =IF(AND($AF66=$AF$17,G66=1),G$9,"")
B67: 1 | C67: 1 | E67: 1 | F67: 1 | H67: =IF($R$8>$J67,"Insufficient pwr",IF(OR(($M67-$T67-$V67)>0,$X67<$Q$5),"Insufficient PTI",IF(OR(($M67+$U67+$W67)<0,$Y67<$Q$5),"Insufficient PTO",IF(($P67-$R67)<0,"Insufficient AUX","")))) | I67: =$R$8/$J67 -> 0.28049549 | J67: =B67*B$10+D67*D$10+E67*E$10+F67*F$10+G67*G$10+C67*C$10 -> 56000 | K67: =IF($B67,$B$10)+IF($C67,$C$10) -> 48000 | L67: =(IF($B67,$B$10)+IF($C67,$C$10))*$I67 -> 13463.784 | M67: =$O$5-$L67 -> -2000.7836 | N67: =IF(AND($B67="",$M67>0),MIN($M67,$B$11),0) -> 0 | O67: =IF($M67<0,0,$M67+$Q67-$N67-$V67) -> 0 | P67: =IF($D67,$D$10)+IF($E67,$E$10)+IF($F67,$F$10)+IF($G67,$G$10) -> 8000 | Q67: =IF($M67<0,0,$M67*$I$4) -> 0 | R67: =(IF($D67,$D$10)+IF($E67,$E$10)+IF($F67,$F$10)+IF($G67,$G$10))*$I67+$Q67 -> 2243.9639 | S67: =IF($P67=0,0,$R67/$P67) -> 0.28049549 | T67: =IF($M67<0,0,MIN(($N67+$O67),$B$11)) -> 0 | U67: =IF(AND($B67=1,$M67<0),MIN(ABS($M67),$B$13),0) -> 2000.7836 | V67: =IF($M67<0,0,MIN(($M67-$N67),$C$11)) -> 0 | W67: =IF(AND($C67=1,$M67<0),MIN((ABS($M67)-$U67),$C$13),0) -> 0 | X67: =IF(IF(U67>0,0,$B$11-T67)+IF(W67>0,0,$C$11-V67)>$Q$5,$Q$5,IF(U67>0,0,$B$11-T67)+IF(W67>0,0,$C$11-V67)) -> -200.6025 | Y67: =IF(IF(T67>0,0,$B$11-U67)+IF(V67>0,0,$C$11-W67)>$Q$5,$Q$5,IF(T67>0,0,$B$11-U67)+IF(V67>0,0,$C$11-W67)) -> -200.6025 | Z67: =IF(OR(B67="",NOT($H67="")),"",ROUND(_xlfn.FORECAST.LINEAR($I67,INDEX(Z$3:Z$13,MATCH($I67,$Y$3:$Y$13,1)):INDEX(Z$3:Z$13,MATCH($I67,$Y$3:$Y$13,1)+1),INDEX($Y$3:$Y$13,MATCH($I67,$Y$3:$Y$13,1)):INDEX($Y$3:$Y$13,MATCH($I67,$Y$3:$Y$13,1)+1)),0)) -> 173 | AA67: =IF(OR(C67="",NOT($H67="")),"",ROUND(_xlfn.FORECAST.LINEAR($I67,INDEX(AA$3:AA$13,MATCH($I67,$Y$3:$Y$13,1)):INDEX(AA$3:AA$13,MATCH($I67,$Y$3:$Y$13,1)+1),INDEX($Y$3:$Y$13,MATCH($I67,$Y$3:$Y$13,1)):INDEX($Y$3:$Y$13,MATCH($I67,$Y$3:$Y$13,1)+1)),0)) -> 173 | AB67: =IF(OR(D67="",NOT($H67="")),"",ROUND(_xlfn.FORECAST.LINEAR($S67,INDEX(AB$3:AB$13,MATCH($S67,$Y$3:$Y$13,1)):INDEX(AB$3:AB$13,MATCH($S67,$Y$3:$Y$13,1)+1),INDEX($Y$3:$Y$13,MATCH($S67,$Y$3:$Y$13,1)):INDEX($Y$3:$Y$13,MATCH($S67,$Y$3:$Y$13,1)+1)),0)) | AC67: =IF(OR(E67="",NOT($H67="")),"",ROUND(_xlfn.FORECAST.LINEAR($S67,INDEX(AC$3:AC$13,MATCH($S67,$Y$3:$Y$13,1)):INDEX(AC$3:AC$13,MATCH($S67,$Y$3:$Y$13,1)+1),INDEX($Y$3:$Y$13,MATCH($S67,$Y$3:$Y$13,1)):INDEX($Y$3:$Y$13,MATCH($S67,$Y$3:$Y$13,1)+1)),0)) -> 222 | AD67: =IF(OR(F67="",NOT($H67="")),"",ROUND(_xlfn.FORECAST.LINEAR($S67,INDEX(AD$3:AD$13,MATCH($S67,$Y$3:$Y$13,1)):INDEX(AD$3:AD$13,MATCH($S67,$Y$3:$Y$13,1)+1),INDEX($Y$3:$Y$13,MATCH($S67,$Y$3:$Y$13,1)):INDEX($Y$3:$Y$13,MATCH($S67,$Y$3:$Y$13,1)+1)),0)) -> 212 | AE67: =IF(OR(G67="",NOT($H67="")),"",ROUND(_xlfn.FORECAST.LINEAR($S67,INDEX(AE$3:AE$13,MATCH($S67,$Y$3:$Y$13,1)):INDEX(AE$3:AE$13,MATCH($S67,$Y$3:$Y$13,1)+1),INDEX($Y$3:$Y$13,MATCH($S67,$Y$3:$Y$13,1)):INDEX($Y$3:$Y$13,MATCH($S67,$Y$3:$Y$13,1)+1)),0)) | AF67: =IF($H67="",SUM(Z67:AE67),"") -> 780 | AG67: =IF(AND($AF67=$AF$17,B67=1),B$9,"") | AH67: =IF(AND($AF67=$AF$17,C67=1),C$9,"") | AI67: =IF(AND($AF67=$AF$17,D67=1),D$9,"") | AJ67: =IF(AND($AF67=$AF$17,E67=1),E$9,"") | AK67: =IF(AND($AF67=$AF$17,F67=1),F$9,"") | AL67: =IF(AND($AF67=$AF$17,G67=1),G$9,"") | AQ67: =(AM70-AM72)*100/AM70 -> 1.93472
B68: 1 | C68: 1 | F68: 1 | G68: 1 | H68: =IF($R$8>$J68,"Insufficient pwr",IF(OR(($M68-$T68-$V68)>0,$X68<$Q$5),"Insufficient PTI",IF(OR(($M68+$U68+$W68)<0,$Y68<$Q$5),"Insufficient PTO",IF(($P68-$R68)<0,"Insufficient AUX","")))) | I68: =$R$8/$J68 -> 0.28049549 | J68: =B68*B$10+D68*D$10+E68*E$10+F68*F$10+G68*G$10+C68*C$10 -> 56000 | K68: =IF($B68,$B$10)+IF($C68,$C$10) -> 48000 | L68: =(IF($B68,$B$10)+IF($C68,$C$10))*$I68 -> 13463.784 | M68: =$O$5-$L68 -> -2000.7836 | N68: =IF(AND($B68="",$M68>0),MIN($M68,$B$11),0) -> 0 | O68: =IF($M68<0,0,$M68+$Q68-$N68-$V68) -> 0 | P68: =IF($D68,$D$10)+IF($E68,$E$10)+IF($F68,$F$10)+IF($G68,$G$10) -> 8000 | Q68: =IF($M68<0,0,$M68*$I$4) -> 0 | R68: =(IF($D68,$D$10)+IF($E68,$E$10)+IF($F68,$F$10)+IF($G68,$G$10))*$I68+$Q68 -> 2243.9639 | S68: =IF($P68=0,0,$R68/$P68) -> 0.28049549 | T68: =IF($M68<0,0,MIN(($N68+$O68),$B$11)) -> 0 | U68: =IF(AND($B68=1,$M68<0),MIN(ABS($M68),$B$13),0) -> 2000.7836 | V68: =IF($M68<0,0,MIN(($M68-$N68),$C$11)) -> 0 | W68: =IF(AND($C68=1,$M68<0),MIN((ABS($M68)-$U68),$C$13),0) -> 0 | X68: =IF(IF(U68>0,0,$B$11-T68)+IF(W68>0,0,$C$11-V68)>$Q$5,$Q$5,IF(U68>0,0,$B$11-T68)+IF(W68>0,0,$C$11-V68)) -> -200.6025 | Y68: =IF(IF(T68>0,0,$B$11-U68)+IF(V68>0,0,$C$11-W68)>$Q$5,$Q$5,IF(T68>0,0,$B$11-U68)+IF(V68>0,0,$C$11-W68)) -> -200.6025 | Z68: =IF(OR(B68="",NOT($H68="")),"",ROUND(_xlfn.FORECAST.LINEAR($I68,INDEX(Z$3:Z$13,MATCH($I68,$Y$3:$Y$13,1)):INDEX(Z$3:Z$13,MATCH($I68,$Y$3:$Y$13,1)+1),INDEX($Y$3:$Y$13,MATCH($I68,$Y$3:$Y$13,1)):INDEX($Y$3:$Y$13,MATCH($I68,$Y$3:$Y$13,1)+1)),0)) -> 173 | AA68: =IF(OR(C68="",NOT($H68="")),"",ROUND(_xlfn.FORECAST.LINEAR($I68,INDEX(AA$3:AA$13,MATCH($I68,$Y$3:$Y$13,1)):INDEX(AA$3:AA$13,MATCH($I68,$Y$3:$Y$13,1)+1),INDEX($Y$3:$Y$13,MATCH($I68,$Y$3:$Y$13,1)):INDEX($Y$3:$Y$13,MATCH($I68,$Y$3:$Y$13,1)+1)),0)) -> 173 | AB68: =IF(OR(D68="",NOT($H68="")),"",ROUND(_xlfn.FORECAST.LINEAR($S68,INDEX(AB$3:AB$13,MATCH($S68,$Y$3:$Y$13,1)):INDEX(AB$3:AB$13,MATCH($S68,$Y$3:$Y$13,1)+1),INDEX($Y$3:$Y$13,MATCH($S68,$Y$3:$Y$13,1)):INDEX($Y$3:$Y$13,MATCH($S68,$Y$3:$Y$13,1)+1)),0)) | AC68: =IF(OR(E68="",NOT($H68="")),"",ROUND(_xlfn.FORECAST.LINEAR($S68,INDEX(AC$3:AC$13,MATCH($S68,$Y$3:$Y$13,1)):INDEX(AC$3:AC$13,MATCH($S68,$Y$3:$Y$13,1)+1),INDEX($Y$3:$Y$13,MATCH($S68,$Y$3:$Y$13,1)):INDEX($Y$3:$Y$13,MATCH($S68,$Y$3:$Y$13,1)+1)),0)) | AD68: =IF(OR(F68="",NOT($H68="")),"",ROUND(_xlfn.FORECAST.LINEAR($S68,INDEX(AD$3:AD$13,MATCH($S68,$Y$3:$Y$13,1)):INDEX(AD$3:AD$13,MATCH($S68,$Y$3:$Y$13,1)+1),INDEX($Y$3:$Y$13,MATCH($S68,$Y$3:$Y$13,1)):INDEX($Y$3:$Y$13,MATCH($S68,$Y$3:$Y$13,1)+1)),0)) -> 212 | AE68: =IF(OR(G68="",NOT($H68="")),"",ROUND(_xlfn.FORECAST.LINEAR($S68,INDEX(AE$3:AE$13,MATCH($S68,$Y$3:$Y$13,1)):INDEX(AE$3:AE$13,MATCH($S68,$Y$3:$Y$13,1)+1),INDEX($Y$3:$Y$13,MATCH($S68,$Y$3:$Y$13,1)):INDEX($Y$3:$Y$13,MATCH($S68,$Y$3:$Y$13,1)+1)),0)) -> 244 | AF68: =IF($H68="",SUM(Z68:AE68),"") -> 802 | AG68: =IF(AND($AF68=$AF$17,B68=1),B$9,"") | AH68: =IF(AND($AF68=$AF$17,C68=1),C$9,"") | AI68: =IF(AND($AF68=$AF$17,D68=1),D$9,"") | AJ68: =IF(AND($AF68=$AF$17,E68=1),E$9,"") | AK68: =IF(AND($AF68=$AF$17,F68=1),F$9,"") | AL68: =IF(AND($AF68=$AF$17,G68=1),G$9,"") | AQ68: =(2911-AM38)*100/2911 -> 7.1888502
B69: 1 | D69: 1 | E69: 1 | F69: 1 | G69: 1 | H69: =IF($R$8>$J69,"Insufficient pwr",IF(OR(($M69-$T69-$V69)>0,$X69<$Q$5),"Insufficient PTI",IF(OR(($M69+$U69+$W69)<0,$Y69<$Q$5),"Insufficient PTO",IF(($P69-$R69)<0,"Insufficient AUX","")))) | I69: =$R$8/$J69 -> 0.39269369 | J69: =B69*B$10+D69*D$10+E69*E$10+F69*F$10+G69*G$10+C69*C$10 -> 40000 | K69: =IF($B69,$B$10)+IF($C69,$C$10) -> 24000 | L69: =(IF($B69,$B$10)+IF($C69,$C$10))*$I69 -> 9424.6485 | M69: =$O$5-$L69 -> 2038.3515 | N69: =IF(AND($B69="",$M69>0),MIN($M69,$B$11),0) -> 0 | O69: =IF($M69<0,0,$M69+$Q69-$N69-$V69) -> 101.91757 | P69: =IF($D69,$D$10)+IF($E69,$E$10)+IF($F69,$F$10)+IF($G69,$G$10) -> 16000 | Q69: =IF($M69<0,0,$M69*$I$4) -> 101.91758 | R69: =(IF($D69,$D$10)+IF($E69,$E$10)+IF($F69,$F$10)+IF($G69,$G$10))*$I69+$Q69 -> 6385.0166 | S69: =IF($P69=0,0,$R69/$P69) -> 0.39906354 | T69: =IF($M69<0,0,MIN(($N69+$O69),$B$11)) -> 101.91757 | U69: =IF(AND($B69=1,$M69<0),MIN(ABS($M69),$B$13),0) -> 0 | V69: =IF($M69<0,0,MIN(($M69-$N69),$C$11)) -> 2038.3515 | W69: =IF(AND($C69=1,$M69<0),MIN((ABS($M69)-$U69),$C$13),0) -> 0 | X69: =IF(IF(U69>0,0,$B$11-T69)+IF(W69>0,0,$C$11-V69)>$Q$5,$Q$5,IF(U69>0,0,$B$11-T69)+IF(W69>0,0,$C$11-V69)) -> -200.6025 | Y69: =IF(IF(T69>0,0,$B$11-U69)+IF(V69>0,0,$C$11-W69)>$Q$5,$Q$5,IF(T69>0,0,$B$11-U69)+IF(V69>0,0,$C$11-W69)) -> -200.6025 | Z69: =IF(OR(B69="",NOT($H69="")),"",ROUND(_xlfn.FORECAST.LINEAR($I69,INDEX(Z$3:Z$13,MATCH($I69,$Y$3:$Y$13,1)):INDEX(Z$3:Z$13,MATCH($I69,$Y$3:$Y$13,1)+1),INDEX($Y$3:$Y$13,MATCH($I69,$Y$3:$Y$13,1)):INDEX($Y$3:$Y$13,MATCH($I69,$Y$3:$Y$13,1)+1)),0)) -> 170 | AA69: =IF(OR(C69="",NOT($H69="")),"",ROUND(_xlfn.FORECAST.LINEAR($I69,INDEX(AA$3:AA$13,MATCH($I69,$Y$3:$Y$13,1)):INDEX(AA$3:AA$13,MATCH($I69,$Y$3:$Y$13,1)+1),INDEX($Y$3:$Y$13,MATCH($I69,$Y$3:$Y$13,1)):INDEX($Y$3:$Y$13,MATCH($I69,$Y$3:$Y$13,1)+1)),0)) | AB69: =IF(OR(D69="",NOT($H69="")),"",ROUND(_xlfn.FORECAST.LINEAR($S69,INDEX(AB$3:AB$13,MATCH($S69,$Y$3:$Y$13,1)):INDEX(AB$3:AB$13,MATCH($S69,$Y$3:$Y$13,1)+1),INDEX($Y$3:$Y$13,MATCH($S69,$Y$3:$Y$13,1)):INDEX($Y$3:$Y$13,MATCH($S69,$Y$3:$Y$13,1)+1)),0)) -> 198 | AC69: =IF(OR(E69="",NOT($H69="")),"",ROUND(_xlfn.FORECAST.LINEAR($S69,INDEX(AC$3:AC$13,MATCH($S69,$Y$3:$Y$13,1)):INDEX(AC$3:AC$13,MATCH($S69,$Y$3:$Y$13,1)+1),INDEX($Y$3:$Y$13,MATCH($S69,$Y$3:$Y$13,1)):INDEX($Y$3:$Y$13,MATCH($S69,$Y$3:$Y$13,1)+1)),0)) -> 198 | AD69: =IF(OR(F69="",NOT($H69="")),"",ROUND(_xlfn.FORECAST.LINEAR($S69,INDEX(AD$3:AD$13,MATCH($S69,$Y$3:$Y$13,1)):INDEX(AD$3:AD$13,MATCH($S69,$Y$3:$Y$13,1)+1),INDEX($Y$3:$Y$13,MATCH($S69,$Y$3:$Y$13,1)):INDEX($Y$3:$Y$13,MATCH($S69,$Y$3:$Y$13,1)+1)),0)) -> 190 | AE69: =IF(OR(G69="",NOT($H69="")),"",ROUND(_xlfn.FORECAST.LINEAR($S69,INDEX(AE$3:AE$13,MATCH($S69,$Y$3:$Y$13,1)):INDEX(AE$3:AE$13,MATCH($S69,$Y$3:$Y$13,1)+1),INDEX($Y$3:$Y$13,MATCH($S69,$Y$3:$Y$13,1)):INDEX($Y$3:$Y$13,MATCH($S69,$Y$3:$Y$13,1)+1)),0)) -> 218 | AF69: =IF($H69="",SUM(Z69:AE69),"") -> 974 | AG69: =IF(AND($AF69=$AF$17,B69=1),B$9,"") | AH69: =IF(AND($AF69=$AF$17,C69=1),C$9,"") | AI69: =IF(AND($AF69=$AF$17,D69=1),D$9,"") | AJ69: =IF(AND($AF69=$AF$17,E69=1),E$9,"") | AK69: =IF(AND($AF69=$AF$17,F69=1),F$9,"") | AL69: =IF(AND($AF69=$AF$17,G69=1),G$9,"")
C70: 1 | D70: 1 | E70: 1 | F70: 1 | G70: 1 | H70: =IF($R$8>$J70,"Insufficient pwr",IF(OR(($M70-$T70-$V70)>0,$X70<$Q$5),"Insufficient PTI",IF(OR(($M70+$U70+$W70)<0,$Y70<$Q$5),"Insufficient PTO",IF(($P70-$R70)<0,"Insufficient AUX","")))) | I70: =$R$8/$J70 -> 0.39269369 | J70: =B70*B$10+D70*D$10+E70*E$10+F70*F$10+G70*G$10+C70*C$10 -> 40000 | K70: =IF($B70,$B$10)+IF($C70,$C$10) -> 24000 | L70: =(IF($B70,$B$10)+IF($C70,$C$10))*$I70 -> 9424.6485 | M70: =$O$5-$L70 -> 2038.3515 | N70: =IF(AND($B70="",$M70>0),MIN($M70,$B$11),0) -> 2038.3515 | O70: =IF($M70<0,0,$M70+$Q70-$N70-$V70) -> 101.91757 | P70: =IF($D70,$D$10)+IF($E70,$E$10)+IF($F70,$F$10)+IF($G70,$G$10) -> 16000 | Q70: =IF($M70<0,0,$M70*$I$4) -> 101.91758 | R70: =(IF($D70,$D$10)+IF($E70,$E$10)+IF($F70,$F$10)+IF($G70,$G$10))*$I70+$Q70 -> 6385.0166 | S70: =IF($P70=0,0,$R70/$P70) -> 0.39906354 | T70: =IF($M70<0,0,MIN(($N70+$O70),$B$11)) -> 2140.2691 | U70: =IF(AND($B70=1,$M70<0),MIN(ABS($M70),$B$13),0) -> 0 | V70: =IF($M70<0,0,MIN(($M70-$N70),$C$11)) -> 0 | W70: =IF(AND($C70=1,$M70<0),MIN((ABS($M70)-$U70),$C$13),0) -> 0 | X70: =IF(IF(U70>0,0,$B$11-T70)+IF(W70>0,0,$C$11-V70)>$Q$5,$Q$5,IF(U70>0,0,$B$11-T70)+IF(W70>0,0,$C$11-V70)) -> -200.6025 | Y70: =IF(IF(T70>0,0,$B$11-U70)+IF(V70>0,0,$C$11-W70)>$Q$5,$Q$5,IF(T70>0,0,$B$11-U70)+IF(V70>0,0,$C$11-W70)) -> -200.6025 | Z70: =IF(OR(B70="",NOT($H70="")),"",ROUND(_xlfn.FORECAST.LINEAR($I70,INDEX(Z$3:Z$13,MATCH($I70,$Y$3:$Y$13,1)):INDEX(Z$3:Z$13,MATCH($I70,$Y$3:$Y$13,1)+1),INDEX($Y$3:$Y$13,MATCH($I70,$Y$3:$Y$13,1)):INDEX($Y$3:$Y$13,MATCH($I70,$Y$3:$Y$13,1)+1)),0)) | AA70: =IF(OR(C70="",NOT($H70="")),"",ROUND(_xlfn.FORECAST.LINEAR($I70,INDEX(AA$3:AA$13,MATCH($I70,$Y$3:$Y$13,1)):INDEX(AA$3:AA$13,MATCH($I70,$Y$3:$Y$13,1)+1),INDEX($Y$3:$Y$13,MATCH($I70,$Y$3:$Y$13,1)):INDEX($Y$3:$Y$13,MATCH($I70,$Y$3:$Y$13,1)+1)),0)) -> 170 | AB70: =IF(OR(D70="",NOT($H70="")),"",ROUND(_xlfn.FORECAST.LINEAR($S70,INDEX(AB$3:AB$13,MATCH($S70,$Y$3:$Y$13,1)):INDEX(AB$3:AB$13,MATCH($S70,$Y$3:$Y$13,1)+1),INDEX($Y$3:$Y$13,MATCH($S70,$Y$3:$Y$13,1)):INDEX($Y$3:$Y$13,MATCH($S70,$Y$3:$Y$13,1)+1)),0)) -> 198 | AC70: =IF(OR(E70="",NOT($H70="")),"",ROUND(_xlfn.FORECAST.LINEAR($S70,INDEX(AC$3:AC$13,MATCH($S70,$Y$3:$Y$13,1)):INDEX(AC$3:AC$13,MATCH($S70,$Y$3:$Y$13,1)+1),INDEX($Y$3:$Y$13,MATCH($S70,$Y$3:$Y$13,1)):INDEX($Y$3:$Y$13,MATCH($S70,$Y$3:$Y$13,1)+1)),0)) -> 198 | AD70: =IF(OR(F70="",NOT($H70="")),"",ROUND(_xlfn.FORECAST.LINEAR($S70,INDEX(AD$3:AD$13,MATCH($S70,$Y$3:$Y$13,1)):INDEX(AD$3:AD$13,MATCH($S70,$Y$3:$Y$13,1)+1),INDEX($Y$3:$Y$13,MATCH($S70,$Y$3:$Y$13,1)):INDEX($Y$3:$Y$13,MATCH($S70,$Y$3:$Y$13,1)+1)),0)) -> 190 | AE70: =IF(OR(G70="",NOT($H70="")),"",ROUND(_xlfn.FORECAST.LINEAR($S70,INDEX(AE$3:AE$13,MATCH($S70,$Y$3:$Y$13,1)):INDEX(AE$3:AE$13,MATCH($S70,$Y$3:$Y$13,1)+1),INDEX($Y$3:$Y$13,MATCH($S70,$Y$3:$Y$13,1)):INDEX($Y$3:$Y$13,MATCH($S70,$Y$3:$Y$13,1)+1)),0)) -> 218 | AF70: =IF($H70="",SUM(Z70:AE70),"") -> 974 | AG70: =IF(AND($AF70=$AF$17,B70=1),B$9,"") | AH70: =IF(AND($AF70=$AF$17,C70=1),C$9,"") | AI70: =IF(AND($AF70=$AF$17,D70=1),D$9,"") | AJ70: =IF(AND($AF70=$AF$17,E70=1),E$9,"") | AK70: =IF(AND($AF70=$AF$17,F70=1),F$9,"") | AL70: =IF(AND($AF70=$AF$17,G70=1),G$9,"") | AM70: =(AA70*L70)/1000+(AB70*R70/4)/1000+(AD70*R70/4)/1000+(AE70*R70/4)/1000+(AC70*R70/4)/1000 -> 2885.5786 | AN70: =AM70*3.206 -> 9251.1649
B71: 1 | C71: 1 | E71: 1 | F71: 1 | G71: 1 | H71: =IF($R$8>$J71,"Insufficient pwr",IF(OR(($M71-$T71-$V71)>0,$X71<$Q$5),"Insufficient PTI",IF(OR(($M71+$U71+$W71)<0,$Y71<$Q$5),"Insufficient PTO",IF(($P71-$R71)<0,"Insufficient AUX","")))) | I71: =$R$8/$J71 -> 0.26179579 | J71: =B71*B$10+D71*D$10+E71*E$10+F71*F$10+G71*G$10+C71*C$10 -> 60000 | K71: =IF($B71,$B$10)+IF($C71,$C$10) -> 48000 | L71: =(IF($B71,$B$10)+IF($C71,$C$10))*$I71 -> 12566.198 | M71: =$O$5-$L71 -> -1103.198 | N71: =IF(AND($B71="",$M71>0),MIN($M71,$B$11),0) -> 0 | O71: =IF($M71<0,0,$M71+$Q71-$N71-$V71) -> 0 | P71: =IF($D71,$D$10)+IF($E71,$E$10)+IF($F71,$F$10)+IF($G71,$G$10) -> 12000 | Q71: =IF($M71<0,0,$M71*$I$4) -> 0 | R71: =(IF($D71,$D$10)+IF($E71,$E$10)+IF($F71,$F$10)+IF($G71,$G$10))*$I71+$Q71 -> 3141.5495 | S71: =IF($P71=0,0,$R71/$P71) -> 0.26179579 | T71: =IF($M71<0,0,MIN(($N71+$O71),$B$11)) -> 0 | U71: =IF(AND($B71=1,$M71<0),MIN(ABS($M71),$B$13),0) -> 1103.198 | V71: =IF($M71<0,0,MIN(($M71-$N71),$C$11)) -> 0 | W71: =IF(AND($C71=1,$M71<0),MIN((ABS($M71)-$U71),$C$13),0) -> 0 | X71: =IF(IF(U71>0,0,$B$11-T71)+IF(W71>0,0,$C$11-V71)>$Q$5,$Q$5,IF(U71>0,0,$B$11-T71)+IF(W71>0,0,$C$11-V71)) -> -200.6025 | Y71: =IF(IF(T71>0,0,$B$11-U71)+IF(V71>0,0,$C$11-W71)>$Q$5,$Q$5,IF(T71>0,0,$B$11-U71)+IF(V71>0,0,$C$11-W71)) -> -200.6025 | Z71: =IF(OR(B71="",NOT($H71="")),"",ROUND(_xlfn.FORECAST.LINEAR($I71,INDEX(Z$3:Z$13,MATCH($I71,$Y$3:$Y$13,1)):INDEX(Z$3:Z$13,MATCH($I71,$Y$3:$Y$13,1)+1),INDEX($Y$3:$Y$13,MATCH($I71,$Y$3:$Y$13,1)):INDEX($Y$3:$Y$13,MATCH($I71,$Y$3:$Y$13,1)+1)),0)) -> 173 | AA71: =IF(OR(C71="",NOT($H71="")),"",ROUND(_xlfn.FORECAST.LINEAR($I71,INDEX(AA$3:AA$13,MATCH($I71,$Y$3:$Y$13,1)):INDEX(AA$3:AA$13,MATCH($I71,$Y$3:$Y$13,1)+1),INDEX($Y$3:$Y$13,MATCH($I71,$Y$3:$Y$13,1)):INDEX($Y$3:$Y$13,MATCH($I71,$Y$3:$Y$13,1)+1)),0)) -> 173 | AB71: =IF(OR(D71="",NOT($H71="")),"",ROUND(_xlfn.FORECAST.LINEAR($S71,INDEX(AB$3:AB$13,MATCH($S71,$Y$3:$Y$13,1)):INDEX(AB$3:AB$13,MATCH($S71,$Y$3:$Y$13,1)+1),INDEX($Y$3:$Y$13,MATCH($S71,$Y$3:$Y$13,1)):INDEX($Y$3:$Y$13,MATCH($S71,$Y$3:$Y$13,1)+1)),0)) | AC71: =IF(OR(E71="",NOT($H71="")),"",ROUND(_xlfn.FORECAST.LINEAR($S71,INDEX(AC$3:AC$13,MATCH($S71,$Y$3:$Y$13,1)):INDEX(AC$3:AC$13,MATCH($S71,$Y$3:$Y$13,1)+1),INDEX($Y$3:$Y$13,MATCH($S71,$Y$3:$Y$13,1)):INDEX($Y$3:$Y$13,MATCH($S71,$Y$3:$Y$13,1)+1)),0)) -> 223 | AD71: =IF(OR(F71="",NOT($H71="")),"",ROUND(_xlfn.FORECAST.LINEAR($S71,INDEX(AD$3:AD$13,MATCH($S71,$Y$3:$Y$13,1)):INDEX(AD$3:AD$13,MATCH($S71,$Y$3:$Y$13,1)+1),INDEX($Y$3:$Y$13,MATCH($S71,$Y$3:$Y$13,1)):INDEX($Y$3:$Y$13,MATCH($S71,$Y$3:$Y$13,1)+1)),0)) -> 214 | AE71: =IF(OR(G71="",NOT($H71="")),"",ROUND(_xlfn.FORECAST.LINEAR($S71,INDEX(AE$3:AE$13,MATCH($S71,$Y$3:$Y$13,1)):INDEX(AE$3:AE$13,MATCH($S71,$Y$3:$Y$13,1)+1),INDEX($Y$3:$Y$13,MATCH($S71,$Y$3:$Y$13,1)):INDEX($Y$3:$Y$13,MATCH($S71,$Y$3:$Y$13,1)+1)),0)) -> 245 | AF71: =IF($H71="",SUM(Z71:AE71),"") -> 1028 | AG71: =IF(AND($AF71=$AF$17,B71=1),B$9,"") | AH71: =IF(AND($AF71=$AF$17,C71=1),C$9,"") | AI71: =IF(AND($AF71=$AF$17,D71=1),D$9,"") | AJ71: =IF(AND($AF71=$AF$17,E71=1),E$9,"") | AK71: =IF(AND($AF71=$AF$17,F71=1),F$9,"") | AL71: =IF(AND($AF71=$AF$17,G71=1),G$9,"")
B72: 1 | C72: 1 | D72: 1 | F72: 1 | G72: 1 | H72: =IF($R$8>$J72,"Insufficient pwr",IF(OR(($M72-$T72-$V72)>0,$X72<$Q$5),"Insufficient PTI",IF(OR(($M72+$U72+$W72)<0,$Y72<$Q$5),"Insufficient PTO",IF(($P72-$R72)<0,"Insufficient AUX","")))) | I72: =$R$8/$J72 -> 0.26179579 | J72: =B72*B$10+D72*D$10+E72*E$10+F72*F$10+G72*G$10+C72*C$10 -> 60000 | K72: =IF($B72,$B$10)+IF($C72,$C$10) -> 48000 | L72: =(IF($B72,$B$10)+IF($C72,$C$10))*$I72 -> 12566.198 | M72: =$O$5-$L72 -> -1103.198 | N72: =IF(AND($B72="",$M72>0),MIN($M72,$B$11),0) -> 0 | O72: =IF($M72<0,0,$M72+$Q72-$N72-$V72) -> 0 | P72: =IF($D72,$D$10)+IF($E72,$E$10)+IF($F72,$F$10)+IF($G72,$G$10) -> 12000 | Q72: =IF($M72<0,0,$M72*$I$4) -> 0 | R72: =(IF($D72,$D$10)+IF($E72,$E$10)+IF($F72,$F$10)+IF($G72,$G$10))*$I72+$Q72 -> 3141.5495 | S72: =IF($P72=0,0,$R72/$P72) -> 0.26179579 | T72: =IF($M72<0,0,MIN(($N72+$O72),$B$11)) -> 0 | U72: =IF(AND($B72=1,$M72<0),MIN(ABS($M72),$B$13),0) -> 1103.198 | V72: =IF($M72<0,0,MIN(($M72-$N72),$C$11)) -> 0 | W72: =IF(AND($C72=1,$M72<0),MIN((ABS($M72)-$U72),$C$13),0) -> 0 | X72: =IF(IF(U72>0,0,$B$11-T72)+IF(W72>0,0,$C$11-V72)>$Q$5,$Q$5,IF(U72>0,0,$B$11-T72)+IF(W72>0,0,$C$11-V72)) -> -200.6025 | Y72: =IF(IF(T72>0,0,$B$11-U72)+IF(V72>0,0,$C$11-W72)>$Q$5,$Q$5,IF(T72>0,0,$B$11-U72)+IF(V72>0,0,$C$11-W72)) -> -200.6025 | Z72: =IF(OR(B72="",NOT($H72="")),"",ROUND(_xlfn.FORECAST.LINEAR($I72,INDEX(Z$3:Z$13,MATCH($I72,$Y$3:$Y$13,1)):INDEX(Z$3:Z$13,MATCH($I72,$Y$3:$Y$13,1)+1),INDEX($Y$3:$Y$13,MATCH($I72,$Y$3:$Y$13,1)):INDEX($Y$3:$Y$13,MATCH($I72,$Y$3:$Y$13,1)+1)),0)) -> 173 | AA72: =IF(OR(C72="",NOT($H72="")),"",ROUND(_xlfn.FORECAST.LINEAR($I72,INDEX(AA$3:AA$13,MATCH($I72,$Y$3:$Y$13,1)):INDEX(AA$3:AA$13,MATCH($I72,$Y$3:$Y$13,1)+1),INDEX($Y$3:$Y$13,MATCH($I72,$Y$3:$Y$13,1)):INDEX($Y$3:$Y$13,MATCH($I72,$Y$3:$Y$13,1)+1)),0)) -> 173 | AB72: =IF(OR(D72="",NOT($H72="")),"",ROUND(_xlfn.FORECAST.LINEAR($S72,INDEX(AB$3:AB$13,MATCH($S72,$Y$3:$Y$13,1)):INDEX(AB$3:AB$13,MATCH($S72,$Y$3:$Y$13,1)+1),INDEX($Y$3:$Y$13,MATCH($S72,$Y$3:$Y$13,1)):INDEX($Y$3:$Y$13,MATCH($S72,$Y$3:$Y$13,1)+1)),0)) -> 223 | AC72: =IF(OR(E72="",NOT($H72="")),"",ROUND(_xlfn.FORECAST.LINEAR($S72,INDEX(AC$3:AC$13,MATCH($S72,$Y$3:$Y$13,1)):INDEX(AC$3:AC$13,MATCH($S72,$Y$3:$Y$13,1)+1),INDEX($Y$3:$Y$13,MATCH($S72,$Y$3:$Y$13,1)):INDEX($Y$3:$Y$13,MATCH($S72,$Y$3:$Y$13,1)+1)),0)) | AD72: =IF(OR(F72="",NOT($H72="")),"",ROUND(_xlfn.FORECAST.LINEAR($S72,INDEX(AD$3:AD$13,MATCH($S72,$Y$3:$Y$13,1)):INDEX(AD$3:AD$13,MATCH($S72,$Y$3:$Y$13,1)+1),INDEX($Y$3:$Y$13,MATCH($S72,$Y$3:$Y$13,1)):INDEX($Y$3:$Y$13,MATCH($S72,$Y$3:$Y$13,1)+1)),0)) -> 214 | AE72: =IF(OR(G72="",NOT($H72="")),"",ROUND(_xlfn.FORECAST.LINEAR($S72,INDEX(AE$3:AE$13,MATCH($S72,$Y$3:$Y$13,1)):INDEX(AE$3:AE$13,MATCH($S72,$Y$3:$Y$13,1)+1),INDEX($Y$3:$Y$13,MATCH($S72,$Y$3:$Y$13,1)):INDEX($Y$3:$Y$13,MATCH($S72,$Y$3:$Y$13,1)+1)),0)) -> 245 | AF72: =IF($H72="",SUM(Z72:AE72),"") -> 1028 | AG72: =IF(AND($AF72=$AF$17,B72=1),B$9,"") | AH72: =IF(AND($AF72=$AF$17,C72=1),C$9,"") | AI72: =IF(AND($AF72=$AF$17,D72=1),D$9,"") | AJ72: =IF(AND($AF72=$AF$17,E72=1),E$9,"") | AK72: =IF(AND($AF72=$AF$17,F72=1),F$9,"") | AL72: =IF(AND($AF72=$AF$17,G72=1),G$9,"") | AM72: =(Z72*L72/2)/1000+(AA72*L72/2)/1000+(AB72*R72/4)/1000+(AD72*R72/3)/1000+(AE72*R72/3)/1000 -> 2829.7507 | AN72: =AM72*3.206 -> 9072.1808
B73: 1 | C73: 1 | D73: 1 | E73: 1 | G73: 1 | H73: =IF($R$8>$J73,"Insufficient pwr",IF(OR(($M73-$T73-$V73)>0,$X73<$Q$5),"Insufficient PTI",IF(OR(($M73+$U73+$W73)<0,$Y73<$Q$5),"Insufficient PTO",IF(($P73-$R73)<0,"Insufficient AUX","")))) | I73: =$R$8/$J73 -> 0.26179579 | J73: =B73*B$10+D73*D$10+E73*E$10+F73*F$10+G73*G$10+C73*C$10 -> 60000 | K73: =IF($B73,$B$10)+IF($C73,$C$10) -> 48000 | L73: =(IF($B73,$B$10)+IF($C73,$C$10))*$I73 -> 12566.198 | M73: =$O$5-$L73 -> -1103.198 | N73: =IF(AND($B73="",$M73>0),MIN($M73,$B$11),0) -> 0 | O73: =IF($M73<0,0,$M73+$Q73-$N73-$V73) -> 0 | P73: =IF($D73,$D$10)+IF($E73,$E$10)+IF($F73,$F$10)+IF($G73,$G$10) -> 12000 | Q73: =IF($M73<0,0,$M73*$I$4) -> 0 | R73: =(IF($D73,$D$10)+IF($E73,$E$10)+IF($F73,$F$10)+IF($G73,$G$10))*$I73+$Q73 -> 3141.5495 | S73: =IF($P73=0,0,$R73/$P73) -> 0.26179579 | T73: =IF($M73<0,0,MIN(($N73+$O73),$B$11)) -> 0 | U73: =IF(AND($B73=1,$M73<0),MIN(ABS($M73),$B$13),0) -> 1103.198 | V73: =IF($M73<0,0,MIN(($M73-$N73),$C$11)) -> 0 | W73: =IF(AND($C73=1,$M73<0),MIN((ABS($M73)-$U73),$C$13),0) -> 0 | X73: =IF(IF(U73>0,0,$B$11-T73)+IF(W73>0,0,$C$11-V73)>$Q$5,$Q$5,IF(U73>0,0,$B$11-T73)+IF(W73>0,0,$C$11-V73)) -> -200.6025 | Y73: =IF(IF(T73>0,0,$B$11-U73)+IF(V73>0,0,$C$11-W73)>$Q$5,$Q$5,IF(T73>0,0,$B$11-U73)+IF(V73>0,0,$C$11-W73)) -> -200.6025 | Z73: =IF(OR(B73="",NOT($H73="")),"",ROUND(_xlfn.FORECAST.LINEAR($I73,INDEX(Z$3:Z$13,MATCH($I73,$Y$3:$Y$13,1)):INDEX(Z$3:Z$13,MATCH($I73,$Y$3:$Y$13,1)+1),INDEX($Y$3:$Y$13,MATCH($I73,$Y$3:$Y$13,1)):INDEX($Y$3:$Y$13,MATCH($I73,$Y$3:$Y$13,1)+1)),0)) -> 173 | AA73: =IF(OR(C73="",NOT($H73="")),"",ROUND(_xlfn.FORECAST.LINEAR($I73,INDEX(AA$3:AA$13,MATCH($I73,$Y$3:$Y$13,1)):INDEX(AA$3:AA$13,MATCH($I73,$Y$3:$Y$13,1)+1),INDEX($Y$3:$Y$13,MATCH($I73,$Y$3:$Y$13,1)):INDEX($Y$3:$Y$13,MATCH($I73,$Y$3:$Y$13,1)+1)),0)) -> 173 | AB73: =IF(OR(D73="",NOT($H73="")),"",ROUND(_xlfn.FORECAST.LINEAR($S73,INDEX(AB$3:AB$13,MATCH($S73,$Y$3:$Y$13,1)):INDEX(AB$3:AB$13,MATCH($S73,$Y$3:$Y$13,1)+1),INDEX($Y$3:$Y$13,MATCH($S73,$Y$3:$Y$13,1)):INDEX($Y$3:$Y$13,MATCH($S73,$Y$3:$Y$13,1)+1)),0)) -> 223 | AC73: =IF(OR(E73="",NOT($H73="")),"",ROUND(_xlfn.FORECAST.LINEAR($S73,INDEX(AC$3:AC$13,MATCH($S73,$Y$3:$Y$13,1)):INDEX(AC$3:AC$13,MATCH($S73,$Y$3:$Y$13,1)+1),INDEX($Y$3:$Y$13,MATCH($S73,$Y$3:$Y$13,1)):INDEX($Y$3:$Y$13,MATCH($S73,$Y$3:$Y$13,1)+1)),0)) -> 223 | AD73: =IF(OR(F73="",NOT($H73="")),"",ROUND(_xlfn.FORECAST.LINEAR($S73,INDEX(AD$3:AD$13,MATCH($S73,$Y$3:$Y$13,1)):INDEX(AD$3:AD$13,MATCH($S73,$Y$3:$Y$13,1)+1),INDEX($Y$3:$Y$13,MATCH($S73,$Y$3:$Y$13,1)):INDEX($Y$3:$Y$13,MATCH($S73,$Y$3:$Y$13,1)+1)),0)) | AE73: =IF(OR(G73="",NOT($H73="")),"",ROUND(_xlfn.FORECAST.LINEAR($S73,INDEX(AE$3:AE$13,MATCH($S73,$Y$3:$Y$13,1)):INDEX(AE$3:AE$13,MATCH($S73,$Y$3:$Y$13,1)+1),INDEX($Y$3:$Y$13,MATCH($S73,$Y$3:$Y$13,1)):INDEX($Y$3:$Y$13,MATCH($S73,$Y$3:$Y$13,1)+1)),0)) -> 245 | AF73: =IF($H73="",SUM(Z73:AE73),"") -> 1037 | AG73: =IF(AND($AF73=$AF$17,B73=1),B$9,"") | AH73: =IF(AND($AF73=$AF$17,C73=1),C$9,"") | AI73: =IF(AND($AF73=$AF$17,D73=1),D$9,"") | AJ73: =IF(AND($AF73=$AF$17,E73=1),E$9,"") | AK73: =IF(AND($AF73=$AF$17,F73=1),F$9,"") | AL73: =IF(AND($AF73=$AF$17,G73=1),G$9,"")
B74: 1 | C74: 1 | D74: 1 | E74: 1 | F74: 1 | H74: =IF($R$8>$J74,"Insufficient pwr",IF(OR(($M74-$T74-$V74)>0,$X74<$Q$5),"Insufficient PTI",IF(OR(($M74+$U74+$W74)<0,$Y74<$Q$5),"Insufficient PTO",IF(($P74-$R74)<0,"Insufficient AUX","")))) | I74: =$R$8/$J74 -> 0.26179579 | J74: =B74*B$10+D74*D$10+E74*E$10+F74*F$10+G74*G$10+C74*C$10 -> 60000 | K74: =IF($B74,$B$10)+IF($C74,$C$10) -> 48000 | L74: =(IF($B74,$B$10)+IF($C74,$C$10))*$I74 -> 12566.198 | M74: =$O$5-$L74 -> -1103.198 | N74: =IF(AND($B74="",$M74>0),MIN($M74,$B$11),0) -> 0 | O74: =IF($M74<0,0,$M74+$Q74-$N74-$V74) -> 0 | P74: =IF($D74,$D$10)+IF($E74,$E$10)+IF($F74,$F$10)+IF($G74,$G$10) -> 12000 | Q74: =IF($M74<0,0,$M74*$I$4) -> 0 | R74: =(IF($D74,$D$10)+IF($E74,$E$10)+IF($F74,$F$10)+IF($G74,$G$10))*$I74+$Q74 -> 3141.5495 | S74: =IF($P74=0,0,$R74/$P74) -> 0.26179579 | T74: =IF($M74<0,0,MIN(($N74+$O74),$B$11)) -> 0 | U74: =IF(AND($B74=1,$M74<0),MIN(ABS($M74),$B$13),0) -> 1103.198 | V74: =IF($M74<0,0,MIN(($M74-$N74),$C$11)) -> 0 | W74: =IF(AND($C74=1,$M74<0),MIN((ABS($M74)-$U74),$C$13),0) -> 0 | X74: =IF(IF(U74>0,0,$B$11-T74)+IF(W74>0,0,$C$11-V74)>$Q$5,$Q$5,IF(U74>0,0,$B$11-T74)+IF(W74>0,0,$C$11-V74)) -> -200.6025 | Y74: =IF(IF(T74>0,0,$B$11-U74)+IF(V74>0,0,$C$11-W74)>$Q$5,$Q$5,IF(T74>0,0,$B$11-U74)+IF(V74>0,0,$C$11-W74)) -> -200.6025 | Z74: =IF(OR(B74="",NOT($H74="")),"",ROUND(_xlfn.FORECAST.LINEAR($I74,INDEX(Z$3:Z$13,MATCH($I74,$Y$3:$Y$13,1)):INDEX(Z$3:Z$13,MATCH($I74,$Y$3:$Y$13,1)+1),INDEX($Y$3:$Y$13,MATCH($I74,$Y$3:$Y$13,1)):INDEX($Y$3:$Y$13,MATCH($I74,$Y$3:$Y$13,1)+1)),0)) -> 173 | AA74: =IF(OR(C74="",NOT($H74="")),"",ROUND(_xlfn.FORECAST.LINEAR($I74,INDEX(AA$3:AA$13,MATCH($I74,$Y$3:$Y$13,1)):INDEX(AA$3:AA$13,MATCH($I74,$Y$3:$Y$13,1)+1),INDEX($Y$3:$Y$13,MATCH($I74,$Y$3:$Y$13,1)):INDEX($Y$3:$Y$13,MATCH($I74,$Y$3:$Y$13,1)+1)),0)) -> 173 | AB74: =IF(OR(D74="",NOT($H74="")),"",ROUND(_xlfn.FORECAST.LINEAR($S74,INDEX(AB$3:AB$13,MATCH($S74,$Y$3:$Y$13,1)):INDEX(AB$3:AB$13,MATCH($S74,$Y$3:$Y$13,1)+1),INDEX($Y$3:$Y$13,MATCH($S74,$Y$3:$Y$13,1)):INDEX($Y$3:$Y$13,MATCH($S74,$Y$3:$Y$13,1)+1)),0)) -> 223 | AC74: =IF(OR(E74="",NOT($H74="")),"",ROUND(_xlfn.FORECAST.LINEAR($S74,INDEX(AC$3:AC$13,MATCH($S74,$Y$3:$Y$13,1)):INDEX(AC$3:AC$13,MATCH($S74,$Y$3:$Y$13,1)+1),INDEX($Y$3:$Y$13,MATCH($S74,$Y$3:$Y$13,1)):INDEX($Y$3:$Y$13,MATCH($S74,$Y$3:$Y$13,1)+1)),0)) -> 223 | AD74: =IF(OR(F74="",NOT($H74="")),"",ROUND(_xlfn.FORECAST.LINEAR($S74,INDEX(AD$3:AD$13,MATCH($S74,$Y$3:$Y$13,1)):INDEX(AD$3:AD$13,MATCH($S74,$Y$3:$Y$13,1)+1),INDEX($Y$3:$Y$13,MATCH($S74,$Y$3:$Y$13,1)):INDEX($Y$3:$Y$13,MATCH($S74,$Y$3:$Y$13,1)+1)),0)) -> 214 | AE74: =IF(OR(G74="",NOT($H74="")),"",ROUND(_xlfn.FORECAST.LINEAR($S74,INDEX(AE$3:AE$13,MATCH($S74,$Y$3:$Y$13,1)):INDEX(AE$3:AE$13,MATCH($S74,$Y$3:$Y$13,1)+1),INDEX($Y$3:$Y$13,MATCH($S74,$Y$3:$Y$13,1)):INDEX($Y$3:$Y$13,MATCH($S74,$Y$3:$Y$13,1)+1)),0)) | AF74: =IF($H74="",SUM(Z74:AE74),"") -> 1006 | AG74: =IF(AND($AF74=$AF$17,B74=1),B$9,"") | AH74: =IF(AND($AF74=$AF$17,C74=1),C$9,"") | AI74: =IF(AND($AF74=$AF$17,D74=1),D$9,"") | AJ74: =IF(AND($AF74=$AF$17,E74=1),E$9,"") | AK74: =IF(AND($AF74=$AF$17,F74=1),F$9,"") | AL74: =IF(AND($AF74=$AF$17,G74=1),G$9,"")
B75: 1 | C75: 1 | D75: 1 | E75: 1 | F75: 1 | G75: 1 | H75: =IF($R$8>$J75,"Insufficient pwr",IF(OR(($M75-$T75-$V75)>0,$X75<$Q$5),"Insufficient PTI",IF(OR(($M75+$U75+$W75)<0,$Y75<$Q$5),"Insufficient PTO",IF(($P75-$R75)<0,"Insufficient AUX","")))) | I75: =$R$8/$J75 -> 0.24543355 | J75: =B75*B$10+D75*D$10+E75*E$10+F75*F$10+G75*G$10+C75*C$10 -> 64000 | K75: =IF($B75,$B$10)+IF($C75,$C$10) -> 48000 | L75: =(IF($B75,$B$10)+IF($C75,$C$10))*$I75 -> 11780.811 | M75: =$O$5-$L75 -> -317.81063 | N75: =IF(AND($B75="",$M75>0),MIN($M75,$B$11),0) -> 0 | O75: =IF($M75<0,0,$M75+$Q75-$N75-$V75) -> 0 | P75: =IF($D75,$D$10)+IF($E75,$E$10)+IF($F75,$F$10)+IF($G75,$G$10) -> 16000 | Q75: =IF($M75<0,0,$M75*$I$4) -> 0 | R75: =(IF($D75,$D$10)+IF($E75,$E$10)+IF($F75,$F$10)+IF($G75,$G$10))*$I75+$Q75 -> 3926.9369 | S75: =IF($P75=0,0,$R75/$P75) -> 0.24543355 | T75: =IF($M75<0,0,MIN(($N75+$O75),$B$11)) -> 0 | U75: =IF(AND($B75=1,$M75<0),MIN(ABS($M75),$B$13),0) -> 317.81063 | V75: =IF($M75<0,0,MIN(($M75-$N75),$C$11)) -> 0 | W75: =IF(AND($C75=1,$M75<0),MIN((ABS($M75)-$U75),$C$13),0) -> 0 | X75: =IF(IF(U75>0,0,$B$11-T75)+IF(W75>0,0,$C$11-V75)>$Q$5,$Q$5,IF(U75>0,0,$B$11-T75)+IF(W75>0,0,$C$11-V75)) -> -200.6025 | Y75: =IF(IF(T75>0,0,$B$11-U75)+IF(V75>0,0,$C$11-W75)>$Q$5,$Q$5,IF(T75>0,0,$B$11-U75)+IF(V75>0,0,$C$11-W75)) -> -200.6025 | Z75: =IF(OR(B75="",NOT($H75="")),"",ROUND(_xlfn.FORECAST.LINEAR($I75,INDEX(Z$3:Z$13,MATCH($I75,$Y$3:$Y$13,1)):INDEX(Z$3:Z$13,MATCH($I75,$Y$3:$Y$13,1)+1),INDEX($Y$3:$Y$13,MATCH($I75,$Y$3:$Y$13,1)):INDEX($Y$3:$Y$13,MATCH($I75,$Y$3:$Y$13,1)+1)),0)) -> 174 | AA75: =IF(OR(C75="",NOT($H75="")),"",ROUND(_xlfn.FORECAST.LINEAR($I75,INDEX(AA$3:AA$13,MATCH($I75,$Y$3:$Y$13,1)):INDEX(AA$3:AA$13,MATCH($I75,$Y$3:$Y$13,1)+1),INDEX($Y$3:$Y$13,MATCH($I75,$Y$3:$Y$13,1)):INDEX($Y$3:$Y$13,MATCH($I75,$Y$3:$Y$13,1)+1)),0)) -> 174 | AB75: =IF(OR(D75="",NOT($H75="")),"",ROUND(_xlfn.FORECAST.LINEAR($S75,INDEX(AB$3:AB$13,MATCH($S75,$Y$3:$Y$13,1)):INDEX(AB$3:AB$13,MATCH($S75,$Y$3:$Y$13,1)+1),INDEX($Y$3:$Y$13,MATCH($S75,$Y$3:$Y$13,1)):INDEX($Y$3:$Y$13,MATCH($S75,$Y$3:$Y$13,1)+1)),0)) -> 224 | AC75: =IF(OR(E75="",NOT($H75="")),"",ROUND(_xlfn.FORECAST.LINEAR($S75,INDEX(AC$3:AC$13,MATCH($S75,$Y$3:$Y$13,1)):INDEX(AC$3:AC$13,MATCH($S75,$Y$3:$Y$13,1)+1),INDEX($Y$3:$Y$13,MATCH($S75,$Y$3:$Y$13,1)):INDEX($Y$3:$Y$13,MATCH($S75,$Y$3:$Y$13,1)+1)),0)) -> 225 | AD75: =IF(OR(F75="",NOT($H75="")),"",ROUND(_xlfn.FORECAST.LINEAR($S75,INDEX(AD$3:AD$13,MATCH($S75,$Y$3:$Y$13,1)):INDEX(AD$3:AD$13,MATCH($S75,$Y$3:$Y$13,1)+1),INDEX($Y$3:$Y$13,MATCH($S75,$Y$3:$Y$13,1)):INDEX($Y$3:$Y$13,MATCH($S75,$Y$3:$Y$13,1)+1)),0)) -> 215 | AE75: =IF(OR(G75="",NOT($H75="")),"",ROUND(_xlfn.FORECAST.LINEAR($S75,INDEX(AE$3:AE$13,MATCH($S75,$Y$3:$Y$13,1)):INDEX(AE$3:AE$13,MATCH($S75,$Y$3:$Y$13,1)+1),INDEX($Y$3:$Y$13,MATCH($S75,$Y$3:$Y$13,1)):INDEX($Y$3:$Y$13,MATCH($S75,$Y$3:$Y$13,1)+1)),0)) -> 247 | AF75: =IF($H75="",SUM(Z75:AE75),"") -> 1259 | AG75: =IF(AND($AF75=$AF$17,B75=1),B$9,"") | AH75: =IF(AND($AF75=$AF$17,C75=1),C$9,"") | AI75: =IF(AND($AF75=$AF$17,D75=1),D$9,"") | AJ75: =IF(AND($AF75=$AF$17,E75=1),E$9,"") | AK75: =IF(AND($AF75=$AF$17,F75=1),F$9,"") | AL75: =IF(AND($AF75=$AF$17,G75=1),G$9,"")
B76: G1 | C76: G6 | D76: G2 | E76: G3 | F76: G4 | G76: G5 | I76: % Demand of Max | J76: MAX | K76: MAX | L76: DEMAND | M76: needed PTI PROP / PTO for Hotel | N76: for PTI 1 | O76: Remaining PTI (after PTI 2) | P76: MAX | Q76: Additional power/Load for PTI propulsion on AUX gens due to losses | R76: DEMAND | T76: PTI 1 | U76: PTO 1 | V76: PTI 2 | W76: PTO 2 | X76: Available PTI for Peak shaving from battery | Y76: Available PTO for Peak shaving to battery | Z76: G1 | AA76: G6 | AB76: G2 | AC76: G3 | AD76: G4 | AE76: G5 | AF76: =MIN(AF18:AF75) -> 344 | AG76: ME | AH76: =IF(AND($AF77=$AF$17,C76=1),C$9,"") | AI76: Aux | AJ76: =IF(AND($AF77=$AF$17,E76=1),E$9,"")
B77: ME | D77: AUX | J77: Total PWR | K77: ME | M77: Propulsion ME DEMAND -> | P77: AUX | T77: SG 1 | V77: SG 2 | Z77: SFOC (g/kwh) : | AF77: TOTAL SFOC | AG77: RECOMENDED ENGINES/GENERATORS:
V84: 1Egi9o9o9o0

Sheet Load Demands
G2: Needed max reserve capacity (Additional for immediate usage - Spinning reserve or battery)
A3: Operation Type | B3: Prioritized order of battery usage: | D3: Off battery: | E3: Average current / actual load usage in period | F3: Variations due to | G3: Max Actual incl additional variation (Max in time period/ operation period) | H3: Max variations (Peak shaving potential or reserve) | I3: Max battery usage: | J3: + - range battery usage: | K3: Remaining battery capacity for reserves or peak shaving: | L3: Additional spinning reserve needed | M3: Comments
K4: ='Optimal Setup'!I2 -> 1260 | M4: Max battery peak shaving and reserve capacity
A5: DP Operation | B5: DP (Thruster) load reserve | C5: RESERVE | D5: =IF(C5="RESERVE",100%,50%) -> 1 | E5: ='Optimal Setup'!O2 -> 0 | F5: DP class redundancy req | G5: =E5+'Optimal Setup'!P2*E5 -> 0 | H5: =G5 -> 0 | I5: =MIN(K4,H5) -> 0 | J5: =I5*D5 -> 0 | K5: =IF(K4-I5>0,K4-I5,0) -> 1260 | L5: =H5-I5*D5 -> 0
B6: DP (Thruster) load demand | C6: PEAK SHAVING | D6: =IF(C6="RESERVES",100%,50%) -> 0.5 | E6: ='Optimal Setup'!O3 -> 0 | F6: External forces (Environmental) + DP control process dynamics | G6: =E6+'Optimal Setup'!P3*E6 -> 0 | H6: =G6-E6 -> 0 | I6: =MIN(K5,H6) -> 0 | J6: =I6*D6 -> 0 | K6: =IF(K5-I6>0,K5-I6,0) -> 1260 | L6: =H6-I6*D6 -> 0
A7: - Crane operation… | B7: Mission load demand | C7: PEAK SHAVING | D7: =IF(C7="RESERVES",100%,50%) -> 0.5 | E7: ='Optimal Setup'!O4 -> 0 | F7: 0 - Max heavy consumer usage to be expected | G7: =IF(E7>0,'Optimal Setup'!I3,0) -> 0 | H7: =G7-0 -> 0 | I7: =MIN(K6,H7) -> 0 | J7: =I7*D7 -> 0 | K7: =IF(K6-I7>0,K6-I7,0) -> 1260 | L7: =H7-I7*D7 -> 0 | M7: Mission HVY consumer load expected at its max load when in operation period
A8: Sailing | B8: Propeller demand | C8: PEAK SHAVING | D8: 0.35 | E8: ='Optimal Setup'!O5 -> 11463 | F8: External forces (Environmental) | G8: =E8+'Optimal Setup'!P5*E8 -> 12036.15 | H8: =G8-E8 -> 573.15 | I8: =MIN(K7,H8) -> 573.15 | J8: =I8*D8 -> 200.6025 | K8: =IF(K7-I8>0,K7-I8,0) -> 686.85 | L8: =H8-I8*D8 -> 372.5475 | M8: If battery usage, ensure sufficient PTI capacity to use the battery for redundancy and/or peak shaving
A9: - At harbour, sailing… | B9: Hotel load demand | C9: PEAK SHAVING | D9: 0.05 | E9: ='Optimal Setup'!O6 -> 3800 | F9: Only start/stopp consumers | G9: =E9+'Optimal Setup'!P6*E9 -> 3876 | H9: =G9-E9 -> 76 | I9: =MIN(K8,H9) -> 76 | J9: =I9*D9 -> 3.8 | K9: =IF(K8-I9>0,K8-I9,0) -> 610.85 | L9: =H9-I9*D9 -> 72.2 | M9: Current hotel load expected
I10: =SUM(I5:I9) -> 649.15 | J10: =SUM(J5:J9) -> 204.4025 | K10: =K9 -> 610.85 | L10: =SUM(L5:L9) -> 444.7475 | M10: Spin reserve to be added to avg demand

Sheet SFOC
A1: Enter SFOC values:
A3: AUX generators:
A4: Engine2 | D4: Engine3 | G4: Engine4 | J4: Engine5
A5: Load (%) | B5: SFOC (g/kwh) | D5: Load (%) | E5: SFOC (g/kwh) | G5: Load (%) | H5: SFOC (g/kwh) | J5: Load (%) | K5: SFOC (g/kwh)
A6: 0.1 | B6: =INTERCEPT(B7:B8,A7:A8) -> 305.3 | D6: 0.1 | E6: =INTERCEPT(E7:E8,D7:D8) -> 299.6 | G6: 0.1 | H6: =INTERCEPT(H7:H8,G7:G8) -> 315.8 | J6: 0.1 | K6: =INTERCEPT(K7:K8,J7:J8) -> 308.4
A7: 10 | B7: 285.1 | D7: 10 | E7: 285.4 | G7: 10 | H7: 289.9 | J7: 10 | K7: 284.4
A8: 20 | B8: 264.9 | D8: 20 | E8: 271.2 | G8: 20 | H8: 264 | J8: 20 | K8: 260.4
A9: 30 | B9: 244.9 | D9: 30 | E9: 249.6 | G9: 30 | H9: 244.8 | J9: 30 | K9: 240.3
A10: 40 | B10: 227.5 | D10: 40 | E10: 231.7 | G10: 40 | H10: 226.2 | J10: 40 | K10: 229.2
A11: 50 | B11: 219.5 | D11: 50 | E11: 222.5 | G11: 50 | H11: 218.2 | J11: 50 | K11: 218.3
A12: 60 | B12: 214 | D12: 60 | E12: 214 | G12: 60 | H12: 211.3 | J12: 60 | K12: 213.2
A13: 70 | B13: 209.2 | D13: 70 | E13: 210.3 | G13: 70 | H13: 207.5 | J13: 70 | K13: 208.5
A14: 80 | B14: 206.8 | D14: 80 | E14: 205.4 | G14: 80 | H14: 208.4 | J14: 80 | K14: 207.2
A15: 90 | B15: 213.1 | D15: 90 | E15: 212.3 | G15: 90 | H15: 210.3 | J15: 90 | K15: 211.4
A16: 100 | B16: =_xlfn.FORECAST.LINEAR(A16,B14:B15,A14:A15) -> 219.4 | D16: 100 | E16: =_xlfn.FORECAST.LINEAR(D16,E14:E15,D14:D15) -> 219.2 | G16: 100 | H16: =_xlfn.FORECAST.LINEAR(G16,H14:H15,G14:G15) -> 212.2 | J16: 100 | K16: =_xlfn.FORECAST.LINEAR(J16,K14:K15,J14:J15) -> 215.6
A19: Main Engines:
A20: Engine 1 | D20: Engine 6
A21: Load (%) | B21: SFOC (g/kwh) | D21: Load (%) | E21: SFOC (g/kwh)
A22: 0.1 | B22: =INTERCEPT(B23:B24,A23:A24) -> 343.3 | C22: 419 | D22: 0.1 | E22: =INTERCEPT(E23:E24,D23:D24) -> 336.1
A23: 10 | B23: 318.6 | C23: 419 | D23: 10 | E23: 308.9
A24: 20 | B24: 293.9 | C24: 838 | D24: 20 | E24: 281.7
A25: 30 | B25: 258.5 | C25: 1257 | D25: 30 | E25: 258.9
A26: 40 | B26: 244.4 | C26: 1676 | D26: 40 | E26: 238.7
A27: 50 | B27: 235 | C27: 2095 | D27: 50 | E27: 228.3
A28: 60 | B28: 225.5 | C28: 2514 | D28: 60 | E28: 223.5
A29: 70 | B29: 221.9 | C29: 2933 | D29: 70 | E29: 217.1
A30: 80 | B30: 219.8 | C30: 3352 | D30: 80 | E30: 216.7
A31: 90 | B31: 221.6 | C31: 3771 | D31: 90 | E31: 218.8
A32: 100 | B32: =_xlfn.FORECAST.LINEAR(A32,B30:B31,A30:A31) -> 223.4 | C32: 3771 | D32: 100 | E32: =_xlfn.FORECAST.LINEAR(D32,E30:E31,D30:D31) -> 220.9
